month,hold,mpc / perfect forecast
1,0.06671264367816092,0.24041379310344826
2,0.050988505747126434,0.2189425287356322
3,0.07554022988505747,0.35342528735632184
4,0.07094252873563218,0.3277701149425287
5,0.033931034482758624,0.09604597701149425
6,0.015862068965517243,0.01650574712643678
7,0.012505747126436782,0.01264367816091954
8,0.01264367816091954,0.012873563218390803
9,0.01701149425287356,0.018942528735632184
10,0.03793103448275863,0.07048275862068966
11,0.03135632183908046,0.07420689655172413
12,0.03917241379310345,0.11875862068965518
