start,mean_wind_ms,feasible,perfect_max_km,perfect_final_km,lstm_max_km,lstm_final_km,persist_max_km,persist_final_km
2024-07-21 09:00:00,23.348474502563477,False,4849.373575472093,4849.373575472093,4817.0244716123725,4817.0244716123725,4849.158685365292,4849.158685365292
2024-07-22 09:00:00,22.479557037353516,False,4480.679491780706,4480.679491780706,4450.085399000361,4450.085399000361,4482.593595726237,4482.593595726237
2024-07-23 09:00:00,22.26353645324707,False,4401.126662222654,4401.126662222654,4385.844684979814,4385.844684979814,4405.1253974419205,4405.1253974419205
2024-07-24 09:00:00,24.31027603149414,False,5282.913672678221,5282.913672678221,5267.447675499933,5267.447675499933,5281.497276000913,5281.497276000913
2024-07-25 09:00:00,26.200464248657227,False,6105.550553313313,6105.550553313313,6090.812530548715,6090.812530548715,6107.727226459485,6107.727226459485
2024-07-26 09:00:00,26.980493545532227,False,6446.514183550668,6446.514183550668,6435.409655357845,6435.409655357845,6448.327920550342,6448.327920550342
2024-07-27 09:00:00,27.336380004882812,False,6593.580260324122,6593.580260324122,6576.426663138123,6576.426663138123,6598.935127088809,6598.935127088809
2024-07-28 09:00:00,27.829254150390625,False,6811.821871169997,6811.821871169997,6795.421464388671,6795.421464388671,6811.887460648751,6811.887460648751
2024-07-29 09:00:00,26.66611671447754,False,6305.903934895746,6305.903934895746,6288.747233972197,6288.747233972197,6303.666398524514,6303.666398524514
2024-07-30 09:00:00,25.362300872802734,False,5737.997393939089,5737.997393939089,5712.458968385055,5712.458968385055,5738.071254420746,5738.071254420746
2024-07-31 09:00:00,25.821060180664062,False,5938.379658803634,5938.379658803634,5917.34951210475,5917.34951210475,5936.723308424642,5936.723308424642
2024-08-01 09:00:00,26.456329345703125,False,6210.352923954286,6210.352923954286,6192.755764528405,6192.755764528405,6210.867694312942,6210.867694312942
2024-08-02 09:00:00,26.389623641967773,False,6173.55933525132,6173.55933525132,6151.042896966393,6151.042896966393,6173.383611678232,6173.383611678232
2024-08-03 09:00:00,26.390079498291016,False,6179.6220936718155,6179.6220936718155,6163.094635512478,6163.094635512478,6184.825906723571,6184.825906723571
2024-08-04 09:00:00,26.27032470703125,False,6122.203866333159,6122.203866333159,6098.836997054966,6098.836997054966,6119.8761013098065,6119.8761013098065
2024-08-05 09:00:00,25.6897029876709,False,5848.080319930074,5848.080319930074,5807.861060597128,5807.861060597128,5847.420910400834,5847.420910400834
2024-08-06 09:00:00,25.117765426635742,False,5601.063391137181,5601.063391137181,5548.747809466236,5548.747809466236,5594.466348300688,5594.466348300688
2024-08-07 09:00:00,24.919235229492188,False,5509.161651653696,5509.161651653696,5459.029460651742,5459.029460651742,5504.029370740632,5504.029370740632
2024-08-08 09:00:00,24.97291374206543,False,5534.210215618079,5534.210215618079,5488.1485734198,5488.1485734198,5531.921482452157,5531.921482452157
2024-08-09 09:00:00,25.488208770751953,False,5763.211930363351,5763.211930363351,5724.330771739042,5724.330771739042,5765.047238657555,5765.047238657555
2024-08-10 09:00:00,25.699377059936523,False,5878.368137475748,5878.368137475748,5859.608149383254,5859.608149383254,5880.656399992204,5880.656399992204
2024-08-11 09:00:00,25.756811141967773,False,5911.6991054729515,5911.6991054729515,5898.358796898634,5898.358796898634,5915.283242190774,5915.283242190774
2024-08-12 09:00:00,25.25990104675293,False,5706.082190603458,5706.082190603458,5694.149891424721,5694.149891424721,5710.418923682879,5710.418923682879
2024-08-13 09:00:00,25.186248779296875,False,5671.043735945914,5671.043735945914,5652.681577329335,5652.681577329335,5668.329853801356,5668.329853801356
2024-08-14 09:00:00,24.26634979248047,False,5271.085707778917,5271.085707778917,5248.085781405216,5248.085781405216,5267.047219511696,5267.047219511696
2024-08-15 09:00:00,24.168447494506836,False,5220.471812280293,5220.471812280293,5190.211021286712,5190.211021286712,5219.77158671856,5219.77158671856
2024-08-16 09:00:00,24.123096466064453,False,5195.118074959063,5195.118074959063,5161.050411921524,5161.050411921524,5194.817843314575,5194.817843314575
2024-08-17 09:00:00,23.650798797607422,False,4975.466819643352,4975.466819643352,4923.005614472215,4923.005614472215,4975.546118584191,4975.546118584191
2024-08-18 09:00:00,23.304777145385742,False,4826.169620518543,4826.169620518543,4776.258266609425,4776.258266609425,4831.762308075742,4831.762308075742
2024-08-19 09:00:00,23.076663970947266,False,4719.678841444614,4719.678841444614,4655.91980201956,4655.91980201956,4723.584867275036,4723.584867275036
2024-08-20 09:00:00,22.77593994140625,False,4590.709392035548,4590.709392035548,4526.986893239275,4526.986893239275,4583.973644814729,4583.973644814729
2024-08-21 09:00:00,21.273971557617188,False,3945.989846060166,3945.989846060166,3879.954396423602,3879.954396423602,3945.0723476289595,3945.0723476289595
2024-08-22 09:00:00,21.97646141052246,False,4248.990519612196,4248.990519612196,4187.82524295491,4187.82524295491,4248.914039943498,4248.914039943498
2024-08-23 09:00:00,22.023456573486328,False,4268.689008899087,4268.689008899087,4211.160272359748,4211.160272359748,4262.388046635208,4262.388046635208
2024-08-24 09:00:00,22.26085090637207,False,4364.672217789112,4364.672217789112,4300.548158733853,4300.548158733853,4356.49798658854,4356.49798658854
2024-08-25 09:00:00,22.42001724243164,False,4430.921323530965,4430.921323530965,4373.139057273207,4373.139057273207,4431.930135937201,4431.930135937201
2024-08-26 09:00:00,23.662506103515625,False,4951.812944582805,4951.812944582805,4878.2821259282255,4878.2821259282255,4952.659878680937,4952.659878680937
2024-08-27 09:00:00,22.534767150878906,False,4487.139750243494,4487.139750243494,4432.81186518064,4432.81186518064,4485.827650886071,4485.827650886071
2024-08-28 09:00:00,21.755107879638672,False,4124.712418496309,4124.712418496309,4026.10261174713,4026.10261174713,4125.690934727988,4125.690934727988
2024-08-29 09:00:00,21.350948333740234,False,3958.226936413565,3958.226936413565,3870.2347388864655,3870.2347388864655,3963.0365133629,3963.0365133629
2024-08-30 09:00:00,20.572866439819336,False,3633.0370783461117,3633.0370783461117,3545.8612781926045,3545.8612781926045,3632.719253835796,3632.719253835796
2024-08-31 09:00:00,19.631031036376953,False,3224.2625250992032,3224.2625250992032,3131.5445736209726,3131.5445736209726,3216.30057321697,3216.30057321697
2024-09-01 09:00:00,19.505794525146484,False,3163.554925330122,3163.554925330122,3064.595025381675,3064.595025381675,3153.927855453159,3153.927855453159
2024-09-02 09:00:00,19.098445892333984,False,3006.921157734585,3006.921157734585,2942.558061766102,2942.558061766102,3004.171593297036,3004.171593297036
2024-09-03 09:00:00,18.728252410888672,False,2847.551030442068,2847.551030442068,2823.3643622213813,2823.3643622213813,2854.2962204766845,2854.2962204766845
2024-09-04 09:00:00,19.00644874572754,False,2973.6493942974485,2973.6493942974485,2944.9936839405236,2944.9936839405236,2973.814644099236,2973.814644099236
2024-09-05 09:00:00,19.40083885192871,False,3149.6535851847557,3149.6535851847557,3098.89880402233,3098.89880402233,3156.173721671159,3156.173721671159
2024-09-06 09:00:00,19.820354461669922,False,3336.221615049204,3336.221615049204,3293.972666088407,3293.972666088407,3344.150113300256,3344.150113300256
2024-09-07 09:00:00,19.594961166381836,False,3243.310330423822,3243.310330423822,3207.7782228781557,3207.7782228781557,3248.8079424026587,3248.8079424026587
2024-09-08 09:00:00,19.759471893310547,False,3308.8624502167145,3308.8624502167145,3256.8417775030116,3256.8417775030116,3306.2402295897045,3306.2402295897045
2024-09-09 09:00:00,18.348033905029297,False,2755.1652169533922,2755.1652169533922,2645.7497429126192,2645.7497429126192,2757.034229864055,2757.034229864055
2024-09-10 09:00:00,17.433300018310547,False,2368.984381327549,2368.984381327549,2309.469082842392,2306.924345423587,2361.489171500801,2355.5103043287
2024-09-11 09:00:00,15.792201042175293,False,1775.1302340494592,1775.1302340494592,1712.5622391395714,1712.5622391395714,1774.8327513466506,1774.8327513466506
2024-09-12 09:00:00,15.843040466308594,False,1829.3647724292255,1829.3647724292255,1750.389907510114,1750.389907510114,1828.0807391215637,1828.0807391215637
2024-09-13 09:00:00,15.165188789367676,False,1542.4992088887836,1542.4992088887836,1473.2366972039354,1473.2366972039354,1548.784865892687,1548.784865892687
2024-09-14 09:00:00,16.178760528564453,False,1900.1519073833558,1900.1519073833558,1815.9916967533086,1815.9916967533086,1901.5597809339274,1901.5597809339274
2024-09-15 09:00:00,16.296539306640625,False,1962.0667802380678,1962.0667802380678,1908.9951357192426,1908.9951357192426,1998.8387045307916,1998.8387045307916
2024-09-16 09:00:00,16.888362884521484,False,2105.851013711806,2105.851013711806,2045.709158871091,2045.709158871091,2113.9063778412446,2113.9063778412446
2024-09-17 09:00:00,16.956071853637695,False,2106.3104253282736,2106.3104253282736,2045.279422881774,2045.279422881774,2121.4426791706383,2121.4426791706383
2024-09-18 09:00:00,17.301647186279297,False,2249.962366081447,2249.962366081447,2173.78493408814,2173.78493408814,2248.868989024442,2248.868989024442
2024-09-19 09:00:00,16.2878360748291,False,1905.341678866133,1905.341678866133,1868.2616483090605,1817.7020508700075,1904.288845068523,1853.8063389053132
2024-09-20 09:00:00,15.315729141235352,False,1542.0157063754164,1542.0157063754164,1438.4888080956366,1416.203454954435,1543.1626224045503,1528.3978173189066
2024-09-21 09:00:00,15.002299308776855,False,1421.50888744128,1421.50888744128,1283.025910863245,1260.516227236114,1415.7996084578372,1391.596577836233
2024-09-22 09:00:00,14.256828308105469,False,1214.897916458389,1214.897916458389,1113.8384613787741,1105.088891278549,1206.8716902551419,1188.449659848385
2024-09-23 09:00:00,13.711334228515625,False,985.3263822396189,985.3263822396189,916.4420482986974,916.4420482986974,983.8298188641747,983.8298188641747
2024-09-24 09:00:00,13.026583671569824,False,729.9742129542306,729.9742129542306,773.0527238682662,704.1150755078936,779.0028985307532,727.1046589003197
2024-09-25 09:00:00,13.947232246398926,False,1067.4170909818474,1067.4170909818474,1025.3050884857169,1025.3050884857169,1084.025300652721,1084.025300652721
2024-09-26 09:00:00,14.271644592285156,False,1191.0023132359527,1191.0023132359527,1146.982047676162,1146.982047676162,1217.61102047116,1217.61102047116
2024-09-27 09:00:00,13.526796340942383,False,996.6599463697623,996.6599463697623,952.5188740236761,900.1888825206331,1037.0931512855486,963.6464518983291
2024-09-28 09:00:00,12.52197551727295,False,780.397592749564,780.397592749564,686.0160818824206,662.631120985389,793.0089533187936,705.4945953617018
2024-09-29 09:00:00,12.155546188354492,False,749.1904779722961,749.1904779722961,766.3948563636444,714.7866219807271,802.9920020862688,746.7586439980231
2024-09-30 09:00:00,10.380709648132324,True,323.0148416727716,323.0148416727716,334.70164722996867,334.70164722996867,334.5956813863277,232.16197031915164
2024-10-01 09:00:00,9.38135051727295,True,50.776473962546014,50.776473962546014,273.1849791370565,249.83006929291167,172.73781081247114,42.897820262738584
2024-10-02 09:00:00,10.17509651184082,True,178.01422534145732,178.01422534145732,340.49299965553337,329.5956974699248,253.874116465579,234.32794658597388
2024-10-03 09:00:00,10.145535469055176,True,175.29091720137984,175.29091720137984,368.4019038821012,319.1013481534709,257.0965059296636,140.67207062910597
2024-10-04 09:00:00,10.371015548706055,True,213.0890601563792,213.0890601563792,395.11313511403455,343.8138762966025,265.31043347724153,120.47191622287544
2024-10-05 09:00:00,10.000652313232422,True,213.0890601563792,213.0890601563792,305.5035701708612,277.51862496438235,305.99171886358107,151.57093322157206
2024-10-06 09:00:00,8.851903915405273,True,168.07897923061907,168.07897923061907,282.9574644013843,282.9574644013843,222.31957299167385,40.914592313162004
2024-10-07 09:00:00,7.308703422546387,True,40.33068691581056,40.33068691581056,278.6155976861399,211.67012420247485,251.47418704675397,63.959079812926625
2024-10-08 09:00:00,6.621551513671875,True,37.85143537754013,37.85143537754013,268.26555812683335,268.26555812683335,187.22808351700812,19.424877082843643
2024-10-09 09:00:00,6.028397560119629,True,0.0,0.0,338.2891349916201,252.32755784058756,198.11763261139689,162.57880959836845
2024-10-10 09:00:00,6.3312907218933105,True,0.0,0.0,275.25759629563885,221.50372970196304,226.83060169639208,165.19646345927944
2024-10-11 09:00:00,6.7554473876953125,True,0.0,0.0,254.25296520860587,208.80775671678504,208.8689705418004,112.25660793246757
2024-10-12 09:00:00,6.751629829406738,True,0.0,0.0,243.17050811302403,228.54650238973792,100.5484016753864,32.37095231060869
2024-10-13 09:00:00,6.44060754776001,True,0.0,0.0,194.6621935396863,61.2503543205646,135.11692909662924,72.79954366577681
2024-10-14 09:00:00,5.836846351623535,True,0.0,0.0,214.02093392384523,199.81096536365865,136.91388039463072,105.54508200985502
2024-10-15 09:00:00,5.065586090087891,True,0.0,0.0,335.8482243792999,304.83740376982655,124.15295232060376,93.41591432450842
2024-10-16 09:00:00,4.483898162841797,True,0.0,0.0,344.321628153633,344.321628153633,117.76907447097724,117.76907447097724
2024-10-17 09:00:00,4.093920707702637,True,0.0,0.0,256.09036769784694,256.09036769784694,122.08159622848025,35.220537778473606
2024-10-18 09:00:00,4.505555152893066,True,0.0,0.0,295.6124667052196,295.6124667052196,129.53670936069915,109.40188227048847
2024-10-19 09:00:00,5.3166046142578125,True,0.0,0.0,594.8323732329058,594.8323732329058,180.38027645508888,150.9945470188641
2024-10-20 09:00:00,5.810741901397705,True,0.0,0.0,483.952591902218,451.38829977304516,187.47085814763653,132.99707697826327
2024-10-21 09:00:00,6.473748207092285,True,0.0,0.0,411.1768118447439,409.7999475173845,179.00589100074154,112.13772542276365
2024-10-22 09:00:00,7.196978569030762,True,0.0,0.0,392.60016517703457,321.8867245502191,147.69285817322512,49.19492330744804
2024-10-23 09:00:00,7.111875057220459,True,0.0,0.0,325.72926379504304,153.09876301377008,148.41543099346885,69.6778298334299
2024-10-24 09:00:00,6.051632881164551,True,0.0,0.0,212.52354865953643,209.72935606484924,241.90358247358162,193.98662375957954
2024-10-25 09:00:00,5.4702959060668945,True,0.0,0.0,196.08711669623472,193.61125259674594,199.8955322422938,132.25588589021027
2024-10-26 09:00:00,4.7615647315979,True,0.0,0.0,258.0455873892804,226.86741237175832,178.89368342352012,114.57838490087292
2024-10-27 09:00:00,4.400725364685059,True,0.0,0.0,224.86215599520582,140.59635942770396,124.48585913278876,107.6403595960534
2024-10-28 09:00:00,4.340543270111084,True,0.0,0.0,123.89248839879771,61.49005989982064,115.70762153188895,66.9622080787413
2024-10-29 09:00:00,4.9471917152404785,True,0.0,0.0,172.79362197997187,153.55715288230684,130.64482598991944,111.38158812521242
2024-10-30 09:00:00,5.338670253753662,True,0.0,0.0,193.0657585434254,171.2698271112311,122.87546463365554,91.76427864203357
2024-10-31 09:00:00,5.324263095855713,True,0.0,0.0,197.5466592039447,97.04492299954087,162.80353342921077,54.61301246656988
2024-11-01 09:00:00,4.887543678283691,True,0.0,0.0,163.07424043787697,136.5068153033306,203.66289315876847,130.62512118953038
2024-11-02 09:00:00,4.996737480163574,True,0.0,0.0,228.98026528476663,82.58058726748978,174.80418975668775,102.29945793507797
2024-11-03 09:00:00,4.847834587097168,True,0.0,0.0,217.16985928483234,217.16985928483234,176.60953804287834,40.61693913066354
2024-11-04 09:00:00,4.539253234863281,True,0.0,0.0,442.4735631942853,442.4735631942853,219.7308162252926,120.36444389013707
2024-11-05 09:00:00,4.6612138748168945,True,0.0,0.0,645.7450309888343,645.7450309888343,194.57745258087957,80.03465069137951
2024-11-06 09:00:00,5.106371879577637,True,0.0,0.0,867.7668349669158,855.8834731567703,174.31013144653022,171.91113437342275
2024-11-07 09:00:00,4.749370574951172,True,0.0,0.0,740.2977068585685,720.437237282357,237.16993234648214,207.51186712464934
2024-11-08 09:00:00,4.42757511138916,True,0.0,0.0,645.3641870881509,645.3641870881509,263.17930223742553,181.53876089781494
2024-11-09 09:00:00,4.9798784255981445,True,0.0,0.0,843.0525465160122,843.0525465160122,218.1050485816281,218.1050485816281
2024-11-10 09:00:00,5.5102643966674805,True,0.0,0.0,803.8319626394639,803.8319626394639,238.22974236005152,105.60618520590849
2024-11-11 09:00:00,5.721036911010742,True,0.0,0.0,749.7670024238906,749.7670024238906,159.10108939131476,90.44268019096864
2024-11-12 09:00:00,5.834278106689453,True,0.0,0.0,725.7956070964648,682.7476045960116,137.00096502504633,69.05597572131653
2024-11-13 09:00:00,5.487736701965332,True,0.0,0.0,581.5565811492626,541.1890364002184,178.63190074768585,96.03877098470987
2024-11-14 09:00:00,4.780177116394043,True,0.0,0.0,265.9112838701847,232.45182715558354,252.82689534294616,165.9989925161995
2024-11-15 09:00:00,4.102968215942383,True,0.0,0.0,240.0042921169206,156.28039831365825,197.4765681693292,90.40805671861638
2024-11-16 09:00:00,3.724932909011841,True,0.0,0.0,335.50920914203294,201.79367626538496,205.5615342153947,84.45409716164315
2024-11-17 09:00:00,4.014131546020508,True,0.0,0.0,270.42323250522213,73.72493698071098,150.15449267314648,150.15449267314648
2024-11-18 09:00:00,4.906613826751709,True,0.0,0.0,228.7925973643445,138.9025559949864,156.1689872728249,155.53781057907364
2024-11-19 09:00:00,6.23729133605957,True,0.0,0.0,301.9831645008723,236.51326181009918,186.93315780479534,158.80942919467952
2024-11-20 09:00:00,6.920273780822754,True,0.0,0.0,351.60484115600866,335.19239288585067,175.399516517033,124.30534984087747
2024-11-21 09:00:00,7.525050163269043,True,0.0,0.0,361.8896172520307,361.8896172520307,177.79829753499504,114.71923541079282
2024-11-22 09:00:00,7.824951171875,True,0.0,0.0,326.0998853148488,326.0998853148488,228.5270835008753,137.88755066023677
2024-11-23 09:00:00,7.97165060043335,True,0.0,0.0,248.7577284635248,209.61565005546458,220.43803415869777,173.52637376928993
2024-11-24 09:00:00,6.888389587402344,True,0.0,0.0,174.02960973977096,76.79224948964412,223.08748763423137,182.78573237820456
2024-11-25 09:00:00,6.354964256286621,True,0.0,0.0,166.49541573877912,166.49541573877912,193.9842328898193,64.14885718934406
2024-11-26 09:00:00,6.135889053344727,True,0.0,0.0,255.03397364597035,241.70065452659787,216.8634276688438,98.63080264403554
2024-11-27 09:00:00,5.799920082092285,True,0.0,0.0,292.1739080590077,292.1739080590077,162.87087605308037,107.23758708746291
2024-11-28 09:00:00,5.915898323059082,True,0.0,0.0,396.1478348377438,337.2916169954358,190.66918744393786,91.03720568463594
2024-11-29 09:00:00,5.910327911376953,True,0.0,0.0,409.077713550235,380.06756196903547,223.09731679966745,97.72741362901368
2024-11-30 09:00:00,5.723799228668213,True,0.0,0.0,274.64544461941557,274.64544461941557,147.21295569922347,79.22597190991075
2024-12-01 09:00:00,5.503028869628906,True,0.0,0.0,191.94703385875516,141.65153175944022,190.04103167726873,150.07823090721539
2024-12-02 09:00:00,5.345282554626465,True,0.0,0.0,163.3676269247361,155.27186379714308,246.50077616457068,185.31279585696777
2024-12-03 09:00:00,5.322445869445801,True,0.0,0.0,258.16809029888776,258.16809029888776,179.4909149650143,179.4909149650143
2024-12-04 09:00:00,6.8719482421875,True,63.68272580980596,63.68272580980596,405.73257113619434,405.73257113619434,204.64222822463697,204.64222822463697
2024-12-05 09:00:00,8.474190711975098,True,97.5613758956523,97.5613758956523,424.8679474215255,424.8679474215255,285.12798326793074,253.42973875772242
2024-12-06 09:00:00,9.381574630737305,True,97.77383741339018,97.77383741339018,503.5234116368912,404.16923036813444,299.0391644216474,198.06570828907434
2024-12-07 09:00:00,9.313220024108887,True,97.77383741339018,97.77383741339018,414.68983546401154,408.78548440668635,222.3505021439831,98.85097058689296
2024-12-08 09:00:00,9.102450370788574,True,97.77383741339018,97.77383741339018,447.53552879672054,335.3621910685362,145.51560040941112,110.8386905153146
2024-12-09 09:00:00,8.100286483764648,True,34.09262343161176,34.09262343161176,415.0029691422819,355.2437654948733,255.17971750705146,255.17971750705146
2024-12-10 09:00:00,6.2051262855529785,True,0.21246780391276568,0.21246780391276568,380.87784582039296,319.4433339828511,273.84334470874774,204.0521451243368
2024-12-11 09:00:00,4.892893314361572,True,0.0,0.0,368.3234189562223,259.3059129450516,224.55328273143743,120.6304445632215
2024-12-12 09:00:00,4.4565606117248535,True,0.0,0.0,220.11123913881028,154.87012644908984,180.88864294267464,120.52799526532743
2024-12-13 09:00:00,3.626178026199341,True,0.0,0.0,209.26824300098988,55.110126543519584,225.43011809926745,15.064880126272975
2024-12-14 09:00:00,3.053840160369873,True,0.0,0.0,121.56562869067582,113.54765548374849,233.20167716512367,233.20167716512367
2024-12-15 09:00:00,4.0526885986328125,True,6.275812396444368,6.275812396444368,141.2286976664923,108.45343282227245,195.53406318435006,195.53406318435006
2024-12-16 09:00:00,5.468770503997803,True,73.46430485509978,73.46430485509978,244.9433463473485,232.16781713450462,272.3146145887908,272.3146145887908
2024-12-17 09:00:00,6.728280544281006,True,103.894727856955,103.894727856955,316.4056307780784,246.1741499467336,333.08492892110866,315.91708293512687
2024-12-18 09:00:00,8.10485553741455,True,130.6850876650009,130.6850876650009,312.1879162842852,255.4762956171181,341.36785758535154,319.1824250216962
2024-12-19 09:00:00,8.460128784179688,True,130.6850876650009,130.6850876650009,164.10716339853772,142.2980971101635,267.2753784871451,174.36746052930664
2024-12-20 09:00:00,8.354211807250977,True,124.41409572225187,124.41409572225187,200.8145195826956,124.4314687136242,146.94985793176429,15.697689456718837
2024-12-21 09:00:00,6.983432769775391,True,57.42653106012779,57.42653106012779,198.66684568846114,167.94304655425464,235.05950802506865,145.03270834408775
2024-12-22 09:00:00,5.463995456695557,True,27.172724567681193,27.172724567681193,258.58655847996414,235.98285250662875,241.75570331408878,190.12570474536062
2024-12-23 09:00:00,4.218939304351807,True,0.0,0.0,265.64408983235353,240.28928366104427,288.01054128413153,250.84710813459756
2024-12-24 09:00:00,3.563943386077881,True,0.0,0.0,276.1789267476173,257.37363307419247,287.4838351748654,229.5913480752641
2024-12-25 09:00:00,2.9809703826904297,True,0.0,0.0,353.4253461469508,340.34801579387135,199.11795034231477,74.55638548970663
