,n,mean,std,min,25%,50%,75%,max,units
speed50,8768,10.534,7.168,0.082,4.699,8.404,15.997,35.479,m/s
speed30,8768,11.848,7.419,0.018,5.506,10.525,17.554,39.26,m/s
speed10,8768,14.111,9.186,0.151,6.559,11.943,20.633,47.577,m/s
u50,8768,-5.721,10.999,-34.63,-15.346,-4.072,3.594,22.225,m/s
u30,8768,-8.506,10.679,-38.841,-17.216,-8.686,-0.474,22.935,m/s
u10,8768,-11.093,12.092,-44.642,-20.394,-10.617,-1.748,18.373,m/s
v50,8768,-0.163,2.936,-13.275,-2.064,-0.176,1.739,10.247,m/s
v30,8768,0.04,3.005,-10.946,-1.919,0.046,2.039,11.03,m/s
v10,8768,-0.173,3.771,-20.35,-2.605,-0.167,2.283,16.955,m/s
t50,8768,206.887,2.621,196.54,205.307,207.192,208.688,215.055,K
t30,8768,216.204,2.156,208.539,214.822,216.348,217.727,223.771,K
t10,8768,229.964,3.323,217.325,227.88,230.25,232.406,239.254,K
shear_10_50,8768,3.577,6.667,-21.792,-1.036,3.25,8.023,44.435,m/s
