tag,hidden,layers,dropout,weight_decay,residual,input_hours,n_train,n_files,weights,best_epoch,epochs_run,train_loss_at_best,val_loss,val_mae,minutes
sw_h128_l1_d02_wd0.001_w24_res,128,1,0.2,0.001,True,24,6122,36,71942,4,14,0.4274064603680608,0.5367344793906579,0.5069588049864158,0.4
sw_h128_l1_d02_wd1e05_w24_res,128,1,0.2,1e-05,True,24,6122,36,71942,4,14,0.42738805347624576,0.5367451605430016,0.5069650473961463,0.4
sw_h64_l1_d02_wd0.001_w24_res,64,1,0.2,0.001,True,24,6122,36,19590,6,16,0.4216349212825785,0.5425674951993502,0.5106498209635416,0.4
sw_h64_l1_d02_wd1e05_w24_res,64,1,0.2,1e-05,True,24,6122,36,19590,6,16,0.4216078262884451,0.5425836482414832,0.5106584949982472,0.4
sw_h128_l1_d04_wd0.001_w24_res,128,1,0.4,0.001,True,24,6122,36,71942,4,14,0.44357228701662216,0.5426058017290556,0.5108567262307192,0.41
sw_h128_l1_d04_wd1e05_w24_res,128,1,0.4,1e-05,True,24,6122,36,71942,4,14,0.44355561810356076,0.542607201062716,0.5108642157530173,0.4
sw_h64_l1_d04_wd0.001_w24_res,64,1,0.4,0.001,True,24,6122,36,19590,6,16,0.4415625509425964,0.5496689264590924,0.5148779071905674,0.4
sw_h64_l1_d04_wd1e05_w24_res,64,1,0.4,1e-05,True,24,6122,36,19590,6,16,0.4415395693991629,0.54968346118927,0.5148864247248723,0.39
sw_h64_l2_d02_wd0.001_w24_res,64,2,0.2,0.001,True,24,6122,36,52870,9,19,0.4163133583303294,0.5528654094842764,0.517212391388722,0.48
sw_h64_l2_d02_wd1e05_w24_res,64,2,0.2,1e-05,True,24,6122,36,52870,9,19,0.4162619911311928,0.5529294377106887,0.5172376838097206,0.48
sw_h32_l1_d02_wd0.001_w24_res,32,1,0.2,0.001,True,24,6122,36,5702,8,18,0.4322645410978105,0.5572940257879404,0.5155025169176933,0.4
sw_h32_l1_d02_wd1e05_w24_res,32,1,0.2,1e-05,True,24,6122,36,5702,8,18,0.43223918567915753,0.5573168963652391,0.5155215639945788,0.41
sw_h32_l1_d04_wd0.001_w24_res,32,1,0.4,0.001,True,24,6122,36,5702,19,29,0.4294670000940084,0.5579914204890911,0.5167641448974609,0.46
sw_h32_l1_d04_wd1e05_w24_res,32,1,0.4,1e-05,True,24,6122,36,5702,19,29,0.42940510073856214,0.5580547639039847,0.5167959536038912,0.46
sw_h128_l2_d04_wd0.001_w24_res,128,2,0.4,0.001,True,24,6122,36,204038,8,18,0.4239771352391428,0.562658987045288,0.5212819055410531,0.57
sw_h128_l2_d04_wd1e05_w24_res,128,2,0.4,1e-05,True,24,6122,36,204038,8,18,0.4239410132082098,0.5626887879004845,0.5212943355853741,0.56
sw_h128_l2_d02_wd0.001_w24_res,128,2,0.2,0.001,True,24,6122,36,204038,5,15,0.43210512670338136,0.5630798475558941,0.5212032259427584,0.52
sw_h128_l2_d02_wd1e05_w24_res,128,2,0.2,1e-05,True,24,6122,36,204038,5,15,0.43208361805283685,0.5630915887539203,0.521208628140963,0.51
sw_h16_l1_d02_wd0.001_w24_res,16,1,0.2,0.001,True,24,6122,36,1830,19,29,0.4371921951787918,0.565746971643888,0.5191931788126628,0.47
sw_h16_l1_d02_wd1e05_w24_res,16,1,0.2,1e-05,True,24,6122,36,1830,19,29,0.43715854633169915,0.5658753516123844,0.5192510008200621,0.46
sw_h32_l2_d04_wd0.001_w24_res,32,2,0.4,0.001,True,24,6122,36,14150,13,23,0.46052385321905004,0.5662373223671546,0.5230649419931265,0.48
sw_h32_l2_d04_wd1e05_w24_res,32,2,0.4,1e-05,True,24,6122,36,14150,13,23,0.46048626866421644,0.5662622492129986,0.523075808989696,0.48
sw_h64_l2_d04_wd0.001_w24_res,64,2,0.4,0.001,True,24,6122,36,52870,14,24,0.4253311653867028,0.566569567827078,0.5198274103800455,0.53
sw_h64_l2_d04_wd1e05_w24_res,64,2,0.4,1e-05,True,24,6122,36,52870,14,24,0.4252684098449029,0.5666687936049242,0.5198648927150629,0.53
sw_h16_l2_d02_wd0.001_w24_res,16,2,0.2,0.001,True,24,6122,36,4006,25,35,0.4443380411486733,0.5699430106236385,0.5235818608601888,0.6
sw_h16_l2_d02_wd1e05_w24_res,16,2,0.2,1e-05,True,24,6122,36,4006,25,35,0.4442871107370859,0.5700455672924335,0.5236269945976062,0.61
sw_h32_l2_d02_wd0.001_w24_res,32,2,0.2,0.001,True,24,6122,36,14150,16,26,0.4174655740925472,0.5750479885248038,0.5281072753514999,0.51
sw_h32_l2_d02_wd1e05_w24_res,32,2,0.2,1e-05,True,24,6122,36,14150,16,26,0.4174024004225091,0.5751687468015231,0.5281564243023212,0.51
sw_h16_l1_d04_wd0.001_w24_res,16,1,0.4,0.001,True,24,6122,36,1830,30,40,0.45717442652946283,0.5795333414811354,0.5256815788073418,0.53
sw_h16_l1_d04_wd1e05_w24_res,16,1,0.4,1e-05,True,24,6122,36,1830,19,29,0.46962043453143026,0.5801045579176682,0.5267082478449895,0.48
sw_h16_l2_d04_wd0.001_w24_res,16,2,0.4,0.001,True,24,6122,36,4006,28,38,0.48091637388197905,0.5875575333375197,0.5324787795238006,0.65
sw_h16_l2_d04_wd1e05_w24_res,16,2,0.4,1e-05,True,24,6122,36,4006,28,38,0.48089822035371693,0.5875978022355299,0.5325015513102214,0.61
