fault,config,twr50,mean_dist_km,pump_energy_wh,battery_empty,est_err_mean_km,est_err_max_km,max_forecast_age_h,max_backlog_min
nominal,hold,0.04179310344827586,1551.2549372984347,16.697210572695244,0.0,0.012668574766870373,0.03354928761294385,3.0,0.0
nominal,"mpc / lstm, raw GPS",0.10956321839080459,1124.3460755079527,396.92892013664004,0.0,0.012668574766666848,0.03354928764200766,3.0,0.0
nominal,"mpc / lstm, Kalman filter",0.10931034482758621,1124.3748903499704,396.54242589590035,0.0,0.012508505216848901,0.036798380179767796,3.0,0.0
nominal,"mpc / lstm, filter + bias correction",0.11291954022988505,1124.209125216372,437.3019512641938,0.0,0.012512409005160352,0.0372027726094074,3.0,0.0
gps outage 6-24 h,hold,0.04179310344827586,1551.2549372984347,16.697210572695244,0.0,84.22568852408247,664.4764359834389,3.0,0.0
gps outage 6-24 h,"mpc / lstm, raw GPS",0.1027816091954023,1126.8235392095448,392.2867976731943,0.0,63.02551487876188,499.73975039049554,3.0,0.0
gps outage 6-24 h,"mpc / lstm, Kalman filter",0.10448275862068966,1124.9416191426083,392.57041021587366,0.0,8.15165619019467,78.30425558872216,3.0,0.0
gps outage 6-24 h,"mpc / lstm, filter + bias correction",0.10933333333333332,1124.6105365423812,432.3973925378035,0.0,8.087873979370952,78.35147454839982,3.0,0.0
comms loss 12-48 h,hold,0.04179310344827586,1551.2549372984347,16.697210572695244,0.0,0.012668574766870373,0.03354928761294385,31.43,1789.6933333333334
comms loss 12-48 h,"mpc / lstm, raw GPS",0.09981609195402298,1136.4875449262804,355.4966962946747,0.0,0.012668574766301588,0.03354928763949338,31.43,1789.6933333333334
comms loss 12-48 h,"mpc / lstm, Kalman filter",0.09965517241379311,1136.4515348642042,355.4644379318001,0.0,0.012508910826499364,0.03661485010622829,31.43,1789.6933333333334
comms loss 12-48 h,"mpc / lstm, filter + bias correction",0.10650574712643678,1133.5393472342612,385.2510967730266,0.0,0.012512878087956451,0.03672840736436608,31.43,1789.6933333333334
forecast error x2,hold,0.04179310344827586,1551.2549372984347,16.697210572695244,0.0,0.012668574766870373,0.03354928761294385,3.0,0.0
forecast error x2,"mpc / lstm, raw GPS",0.0752183908045977,1160.4343708766007,519.0618343142535,0.0,0.012668574766513835,0.03354928764975777,3.0,0.0
forecast error x2,"mpc / lstm, Kalman filter",0.07478160919540229,1160.6558442081841,519.0543087325871,0.0,0.012540400956469612,0.03743564241793513,3.0,0.0
forecast error x2,"mpc / lstm, filter + bias correction",0.07751724137931035,1158.1407733254468,585.0693916147825,0.0,0.012545312579216868,0.03778859972564198,3.0,0.0
unforecast wind change,hold,0.03503448275862069,1580.58244235606,17.005008384507473,0.0,0.012668574766685568,0.0335492875883148,3.0,0.0
unforecast wind change,"mpc / lstm, raw GPS",0.0840919540229885,1163.177797489247,408.52847958717143,0.0,0.01266857476640147,0.03354928760879518,3.0,0.0
unforecast wind change,"mpc / lstm, Kalman filter",0.08383908045977011,1163.2145342005533,407.6773168678146,0.0,0.012676614105635529,0.044695112762821565,3.0,0.0
unforecast wind change,"mpc / lstm, filter + bias correction",0.08832183908045976,1162.5295948451478,444.25299720160206,0.0,0.012684659297837693,0.04583227569257165,3.0,0.0
pump failure,hold,0.041931034482758624,1552.114431848016,4.586324520308021,0.0,0.012668574766866572,0.03354928761249665,3.0,0.0
pump failure,"mpc / lstm, raw GPS",0.08124137931034482,1182.103117664742,198.4044036028479,0.0,0.012668574766832521,0.0335492876263948,3.0,0.0
pump failure,"mpc / lstm, Kalman filter",0.08098850574712643,1182.0770191212591,198.0555446874552,0.0,0.012517475227633579,0.0374897716177911,3.0,0.0
pump failure,"mpc / lstm, filter + bias correction",0.08393103448275863,1179.5314525004035,211.46533215444902,0.0,0.012515205868242289,0.03712119202617535,3.0,0.0
battery at 20%,hold,0.041816091954022985,1551.326761983136,16.581325150114775,1.0,0.012668574766874526,0.03354928761285122,3.0,0.0
battery at 20%,"mpc / lstm, raw GPS",0.09372413793103447,1158.796470102528,551.8059950338519,1.0,0.012668574766453961,0.03354928762736967,3.0,0.0
battery at 20%,"mpc / lstm, Kalman filter",0.09604597701149425,1158.1223835730766,546.2034685587327,1.0,0.01251845728845074,0.03699440938950422,3.0,0.0
battery at 20%,"mpc / lstm, filter + bias correction",0.09910344827586207,1158.2036119478462,574.2829046727117,1.0,0.0125204355813407,0.037047768850829665,3.0,0.0
barometer bias 300 m,hold,0.04179310344827586,1551.2549372984347,16.697210572695244,0.0,0.012668574766870373,0.03354928761294385,3.0,0.0
barometer bias 300 m,"mpc / lstm, raw GPS",0.11018390804597701,1123.985109376092,403.01820326890373,0.0,0.012668574766642824,0.03354928764012732,3.0,0.0
barometer bias 300 m,"mpc / lstm, Kalman filter",0.10960919540229885,1124.5310828797058,400.3078427345121,0.0,0.012509712549255057,0.03699387165270027,3.0,0.0
barometer bias 300 m,"mpc / lstm, filter + bias correction",0.11225287356321838,1124.6730500888723,435.0086777844658,0.0,0.012512662784661677,0.03727955232346791,3.0,0.0
"initial position 50 km off, no GPS for 6 h",hold,0.04179310344827586,1551.2549372984347,16.697210572695244,0.0,11.687908217187505,258.7714414625418,3.0,0.0
"initial position 50 km off, no GPS for 6 h","mpc / lstm, raw GPS",0.10103448275862069,1124.8068972473768,392.12780598266323,0.0,10.20163003175996,211.56568032898045,3.0,0.0
"initial position 50 km off, no GPS for 6 h","mpc / lstm, Kalman filter",0.10432183908045976,1124.1758745597385,398.111836374793,0.0,4.196614779834204,57.424060582561566,3.0,0.0
"initial position 50 km off, no GPS for 6 h","mpc / lstm, filter + bias correction",0.10475862068965518,1123.9312234373158,438.0367417452329,0.0,4.1966210866051235,57.424060582561566,3.0,0.0
