group,horizon_h,base_rmse,ablation_increase_pct,permutation_increase_pct
100 hPa level,6,3.6193978786468506,2.796311538447604,8.192338310325736
100 hPa level,12,4.414142608642578,4.270492964988709,13.926781610884067
100 hPa level,24,5.0917582511901855,4.768120367953711,19.727508151895766
100 hPa level,48,6.226627826690674,5.877340533925657,27.614075003532268
100 hPa level,72,6.86667537689209,5.987814835385143,30.09827045826724
70 hPa level,6,3.6193978786468506,5.500447767928749,16.560615327661058
70 hPa level,12,4.414142608642578,6.8355109705731625,23.361295209486137
70 hPa level,24,5.0917582511901855,4.925712604316592,24.158324195549604
70 hPa level,48,6.226627826690674,4.504622962532695,27.05839287772382
70 hPa level,72,6.86667537689209,3.705033907939898,25.806963693248175
50 hPa level,6,3.6193978786468506,6.074901578336662,17.164138646999792
50 hPa level,12,4.414142608642578,6.466119945624604,20.723857334585844
50 hPa level,24,5.0917582511901855,3.6650402675883957,16.975103741822934
50 hPa level,48,6.226627826690674,3.1109376992284914,16.1867365181302
50 hPa level,72,6.86667537689209,2.2828781465483536,13.51480251119721
30 hPa level,6,3.6193978786468506,6.134917960813143,20.457194275289503
30 hPa level,12,4.414142608642578,6.528482700033963,24.508033161040874
30 hPa level,24,5.0917582511901855,3.0034394402572495,18.125879186839793
30 hPa level,48,6.226627826690674,2.3277813876890243,15.893418572336047
30 hPa level,72,6.86667537689209,1.7579922088610769,13.072830580018891
20 hPa level,6,3.6193978786468506,6.508974626264463,17.610951425331447
20 hPa level,12,4.414142608642578,6.484959482033736,19.350828896392056
20 hPa level,24,5.0917582511901855,2.988568007446205,12.654100305941334
20 hPa level,48,6.226627826690674,2.4842502997162317,11.562395539655778
20 hPa level,72,6.86667537689209,2.1668471469873674,10.524120684461373
eastward wind u,6,3.6193978786468506,6.666758888086343,17.35573523362156
eastward wind u,12,4.414142608642578,7.075596232438397,19.36674095896697
eastward wind u,24,5.0917582511901855,4.607147409144489,13.620574870781015
eastward wind u,48,6.226627826690674,5.439094330490799,18.04969833097019
eastward wind u,72,6.86667537689209,5.857395408563975,21.00471498761637
northward wind v,6,3.6193978786468506,13.713028679873434,30.564121717782037
northward wind v,12,4.414142608642578,16.10207831197754,35.9905037501912
northward wind v,24,5.0917582511901855,10.314453075431972,22.65472681655535
northward wind v,48,6.226627826690674,10.126369016827377,22.710009086255095
northward wind v,72,6.86667537689209,9.054348395211209,20.607977716270494
temperature,6,3.6193978786468506,0.8576394412567672,2.2222200264741345
temperature,12,4.414142608642578,1.10290146144679,3.0008659273156857
temperature,24,5.0917582511901855,0.8900664915995603,2.904761677329053
temperature,48,6.226627826690674,0.7103284261939925,2.869533553093328
temperature,72,6.86667537689209,0.7074009153317442,3.320594853137351
older half of history,6,3.6193978786468506,3.2379796790101745,67.42829043555189
older half of history,12,4.414142608642578,2.5792880902154534,32.42763846411111
older half of history,24,5.0917582511901855,1.339983523426393,58.43466369912282
older half of history,48,6.226627826690674,1.020111141019981,32.99099377133958
older half of history,72,6.86667537689209,0.8601460147598042,15.090342240408676
time of day,6,3.6193978786468506,0.19992945061394762,0.5824441376984366
time of day,12,4.414142608642578,0.19512531316408285,0.5641922635184476
time of day,24,5.0917582511901855,0.03469688826506288,0.10039153635667315
time of day,48,6.226627826690674,0.03563282339773866,0.10902740311919305
time of day,72,6.86667537689209,0.03729047026407903,0.1034550141516293
season,6,3.6193978786468506,0.0021672033623929615,0.1509862257428847
season,12,4.414142608642578,0.018148177274852417,0.31743106501282037
season,24,5.0917582511901855,0.08718705256349132,0.6861461833750679
season,48,6.226627826690674,0.3076384658357957,1.7228274832987893
season,72,6.86667537689209,0.5797105676192889,2.910726058650063
position,6,3.6193978786468506,0.05470706360083144,0.3295400687247194
position,12,4.414142608642578,0.1297270600557754,0.7461061357258968
position,24,5.0917582511901855,0.2701300248328579,1.5751825379411175
position,48,6.226627826690674,0.478044996299256,2.973759370080911
position,72,6.86667537689209,0.5798702847172542,3.7783996096791896
