horizon_h,group,value,coverage,method
6,season,DJF,0.9096962575223445,marginal
6,season,MAM,0.9154708712837257,marginal
6,season,JJAS,0.9337280502818636,marginal
6,season,ON,0.9334737251344521,marginal
6,wind,weak,0.9542709802903278,marginal
6,wind,moderate,0.9243043837882547,marginal
6,wind,strong,0.891606943464244,marginal
12,season,DJF,0.9047347742999917,marginal
12,season,MAM,0.9202934352981612,marginal
12,season,JJAS,0.9425727337523488,marginal
12,season,ON,0.9342836778332145,marginal
12,wind,weak,0.9607901518835746,marginal
12,wind,moderate,0.9254504243667587,marginal
12,wind,strong,0.8936587094818748,marginal
24,season,DJF,0.8944937031893554,marginal
24,season,MAM,0.9242309675201925,marginal
24,season,JJAS,0.9475879608630856,marginal
24,season,ON,0.9286431672390333,marginal
24,wind,weak,0.9643031485443754,marginal
24,wind,moderate,0.9269936508304224,marginal
24,wind,strong,0.8867676538603516,marginal
48,season,DJF,0.8670773540338758,marginal
48,season,MAM,0.9209249871111875,marginal
48,season,JJAS,0.9548208384630338,marginal
48,season,ON,0.9115434458627616,marginal
48,wind,weak,0.9626623752901481,marginal
48,wind,moderate,0.9184114651009967,marginal
48,wind,strong,0.8740436046800107,marginal
72,season,DJF,0.8493869363434581,marginal
72,season,MAM,0.9198229936415192,marginal
72,season,JJAS,0.9590633706991512,marginal
72,season,ON,0.8990701743018208,marginal
72,wind,weak,0.9602241954157205,marginal
72,wind,moderate,0.9116901354804414,marginal
72,wind,strong,0.8680426681649549,marginal
