nominal,disc_coverage,disc_radius_ms,box_coverage,box_width_u_ms,box_width_v_ms,model,horizon_h,level_hpa
0.5,0.5081906169924617,3.7163608074188232,0.2653903334445827,4.062629699707031,4.471683502197266,persistence,6,100
0.5,0.5050131154685298,3.593886375427246,0.2598793542390132,3.853099822998047,4.387454986572266,persistence,6,70
0.5,0.5186112773721621,3.563469648361206,0.2665156985676419,3.7971420288085938,4.363475799560547,persistence,6,50
0.5,0.5469743400202456,3.91829252243042,0.2853324654046763,4.1075439453125,4.852771759033203,persistence,6,30
0.5,0.5461303161779512,4.206646919250488,0.28604133510228963,4.439769744873047,5.1873779296875,persistence,6,20
0.5,0.5035843430819007,5.021599769592285,0.26019379449398566,5.522674560546875,6.003730773925781,persistence,12,100
0.5,0.5032588698355257,4.636433124542236,0.25745485437830473,5.0312957763671875,5.585197448730469,persistence,12,70
0.5,0.5247897525575853,4.355151653289795,0.27201012828610754,4.701107025146484,5.270103454589844,persistence,12,50
0.5,0.561388943287666,4.803080081939697,0.29815004316657884,5.125400543212891,5.864551544189453,persistence,12,30
0.5,0.5636507065251869,5.154978275299072,0.29642338001208113,5.586097717285156,6.175254821777344,persistence,12,20
0.5,0.5062074367878548,6.124266147613525,0.26249693144926617,6.943225860595703,7.074794769287109,persistence,24,100
0.5,0.5196897522817605,4.84675407409668,0.27370369246639764,5.558891296386719,5.548057556152344,persistence,24,70
0.5,0.5378279901475387,4.20064640045166,0.28317275733762887,4.827225685119629,4.777065277099609,persistence,24,50
0.5,0.5819820217405096,4.367021560668945,0.3142361446314843,5.0888519287109375,4.902950286865234,persistence,24,30
0.5,0.6001368090933915,4.893856048583984,0.3266317104722396,5.757427215576172,5.404136657714844,persistence,24,20
0.5,0.5125100331265567,7.862367630004883,0.26392294558804463,9.306652069091797,8.635128021240234,persistence,48,100
0.5,0.5360792610102358,5.863088130950928,0.2801579924368844,7.107868194580078,6.280204772949219,persistence,48,70
0.5,0.545617282077733,4.978243827819824,0.2881127792381168,6.047946929931641,5.339080810546875,persistence,48,50
0.5,0.5816096582806738,5.127801418304443,0.3145588596300086,6.359092712402344,5.348888397216797,persistence,48,30
0.5,0.5851153912988313,5.6770339012146,0.3202270589630643,7.169681549072266,5.821174621582031,persistence,48,20
0.5,0.5093077073719691,8.640800476074219,0.2584671313394879,10.525718688964844,9.10272216796875,persistence,72,100
0.5,0.5341043555491809,6.266875267028809,0.2754469051079992,7.901586532592773,6.3911285400390625,persistence,72,70
0.5,0.547432209163451,5.230858325958252,0.28682191924401945,6.672710418701172,5.287535667419434,persistence,72,50
0.5,0.5782335629114961,5.441628932952881,0.31310250476487317,7.107357025146484,5.3523712158203125,persistence,72,30
0.5,0.5779384303914781,6.060390949249268,0.3186989896538123,8.015865325927734,5.930686950683594,persistence,72,20
0.6,0.6091204223429109,4.327316761016846,0.3783819566458603,5.103152275085449,5.616857528686523,persistence,6,100
0.6,0.6064669879105997,4.170074462890625,0.3729840656021669,4.838040351867676,5.500146389007568,persistence,6,70
0.6,0.6192983569117554,4.122714996337891,0.38045615902953805,4.754992485046387,5.460482597351074,persistence,6,50
0.6,0.646563636915286,4.525125503540039,0.40373025439319926,5.144467353820801,6.055039405822754,persistence,6,30
0.6,0.6452341614512797,4.856141567230225,0.40616854549316095,5.57696533203125,6.485662460327148,persistence,6,20
0.6,0.6042190159123318,5.84016752243042,0.3722669211610017,6.944607734680176,7.508370876312256,persistence,12,100
0.6,0.6033087941216222,5.367579460144043,0.36826194528187917,6.306990623474121,6.990267753601074,persistence,12,70
0.6,0.6268476812789444,5.051116943359375,0.3876855266460534,5.907629013061523,6.593264579772949,persistence,12,50
0.6,0.6632813771379868,5.570631504058838,0.4201611368394341,6.435040473937988,7.339468479156494,persistence,12,30
0.6,0.6672118803251422,5.984987735748291,0.41966465222631977,7.022308349609375,7.741738796234131,persistence,12,20
0.6,0.6080915958946239,7.140817642211914,0.37571748922214654,8.747386932373047,8.868127822875977,persistence,24,100
0.6,0.6214359989959978,5.64910888671875,0.38950045373177145,7.011749267578125,6.963663101196289,persistence,24,70
0.6,0.6424648806092418,4.918246746063232,0.4050542133615042,6.113832473754883,6.014989852905273,persistence,24,50
0.6,0.6887234553122474,5.123342514038086,0.44350694664721185,6.4307098388671875,6.182403564453125,persistence,24,30
0.6,0.7048812712212694,5.7362165451049805,0.45945237747173484,7.299426078796387,6.814217567443848,persistence,24,20
0.6,0.6140632024912495,9.153668403625488,0.3776510209654419,11.692729949951172,10.8551025390625,persistence,48,100
0.6,0.6385012784478787,6.8385009765625,0.39927016761872186,8.959768295288086,7.887518405914307,persistence,48,70
0.6,0.6502403813001829,5.81446647644043,0.4088440459082772,7.641064167022705,6.698495388031006,persistence,48,50
0.6,0.6848067433643452,6.0052490234375,0.441758217509909,8.067728042602539,6.713433742523193,persistence,48,30
0.6,0.686880945748023,6.6536335945129395,0.4479394509431828,9.077642440795898,7.315802097320557,persistence,48,20
0.6,0.6111642840002317,10.056110382080078,0.3721372835120218,13.239740371704102,11.446056365966797,persistence,72,100
0.6,0.6374503860167867,7.306047439575195,0.3951438288341714,9.963464736938477,8.026657104492188,persistence,72,70
0.6,0.6517077691567209,6.110485553741455,0.4081324179628133,8.44470500946045,6.637472629547119,persistence,72,50
0.6,0.6794888415083202,6.376635551452637,0.4399488069198922,8.998886108398438,6.723440647125244,persistence,72,30
0.6,0.6775939252349338,7.105489253997803,0.44513707112693734,10.141265869140625,7.453848361968994,persistence,72,20
0.7,0.707970508813981,5.034654140472412,0.5099062471555569,6.350617408752441,6.969882965087891,persistence,6,100
0.7,0.7074243757395552,4.83676290512085,0.5030685507338318,5.9929351806640625,6.816526889801025,persistence,6,70
0.7,0.7180629376994558,4.760584354400635,0.5138119261120566,5.89035177230835,6.753370761871338,persistence,6,50
0.7,0.7428264869024601,5.221602439880371,0.5406524359465893,6.378347873687744,7.485066890716553,persistence,6,30
0.7,0.7428788936116222,5.605400562286377,0.5404621168448954,6.895299911499023,8.005695343017578,persistence,6,20
0.7,0.7040206978918712,6.779260158538818,0.5038960250890224,8.631986618041992,9.32386589050293,persistence,12,100
0.7,0.7043544458817981,6.212028503417969,0.5001751487385153,7.838447093963623,8.658321380615234,persistence,12,70
0.7,0.7272782437684285,5.86222505569458,0.5225500553028694,7.354170322418213,8.16842269897461,persistence,12,50
0.7,0.7612929562624638,6.459319114685059,0.557712198902769,8.006585121154785,9.066473007202148,persistence,12,30
0.7,0.7639022587291648,6.937202453613281,0.5595105765013832,8.716572761535645,9.591822624206543,persistence,12,20
0.7,0.7078463876607024,8.31621265411377,0.5075672529782181,10.897371292114258,11.042230606079102,persistence,24,100
0.7,0.7227519590455359,6.590950965881348,0.5225169563286618,8.758907318115234,8.642773628234863,persistence,24,70
0.7,0.7444593696300362,5.766916275024414,0.5430328038416876,7.660844802856445,7.498272895812988,persistence,24,50
0.7,0.7891154023318228,6.024820804595947,0.5884721789330546,8.093183517456055,7.716031074523926,persistence,24,30
0.7,0.8025342781251638,6.739409446716309,0.6042300489037344,9.18011474609375,8.496240615844727,persistence,24,20
0.7,0.7124967935368737,10.62913703918457,0.5108633591597274,14.563371658325195,13.495591163635254,persistence,48,100
0.7,0.7381429820520813,7.974724769592285,0.5361261512236967,11.194653511047363,9.820011138916016,persistence,48,70
0.7,0.7509495268225812,6.808876037597656,0.5470681204471671,9.586471557617188,8.306081771850586,persistence,48,50
0.7,0.7801814375436148,7.037282466888428,0.5823102532347352,10.142620086669922,8.3450288772583,persistence,48,30
0.7,0.7827273003097512,7.826756000518799,0.588257035600705,11.397403717041016,9.110427856445312,persistence,48,20
0.7,0.7115231320455994,11.697189331054688,0.5066625476832097,16.48821258544922,14.298124313354492,persistence,72,100
0.7,0.7387277305964159,8.53661823272705,0.5336023544403653,12.462791442871094,9.989377975463867,persistence,72,70
0.7,0.7520224852364784,7.157895565032959,0.547371527710737,10.607320785522461,8.22161865234375,persistence,72,50
0.7,0.7747063155601036,7.492262363433838,0.5797312914943911,11.302679061889648,8.361980438232422,persistence,72,30
0.7,0.770240712289925,8.3621244430542,0.5843513566442053,12.739448547363281,9.266051292419434,persistence,72,20
0.8,0.8074467175471454,5.9459919929504395,0.6579358928034555,7.974123954772949,8.744012832641602,persistence,6,100
0.8,0.8066413091747598,5.676113128662109,0.6517739671051361,7.494680404663086,8.507715225219727,persistence,6,70
0.8,0.816579276180599,5.570861339569092,0.6632372451723767,7.35015869140625,8.40799331665039,persistence,6,50
0.8,0.8344858212269238,6.088348865509033,0.6887786202692602,7.95942497253418,9.282536506652832,persistence,6,30
0.8,0.8350843610105116,6.523390769958496,0.68955920441099,8.613360404968262,9.914772033691406,persistence,6,20
0.8,0.8039906329902993,7.980950832366943,0.6532910034229856,10.853364944458008,11.673866271972656,persistence,12,100
0.8,0.8038747865805725,7.277228355407715,0.6493274012616226,9.782188415527344,10.802578926086426,persistence,12,70
0.8,0.8247464480663304,6.885952472686768,0.6726290791037901,9.20576286315918,10.179698944091797,persistence,12,50
0.8,0.8526654328104615,7.5661492347717285,0.7075540133885351,10.043920516967773,11.268298149108887,persistence,12,30
0.8,0.8548830640823724,8.13272476196289,0.7106598004683505,10.912324905395508,11.99516487121582,persistence,12,20
0.8,0.8084121042948678,9.826017379760742,0.6569070663551685,13.749715805053711,13.852633476257324,persistence,24,100
0.8,0.820256020565496,7.791561126708984,0.6710017128719152,11.024362564086914,10.849995613098145,persistence,24,70
0.8,0.8431467194779189,6.8761091232299805,0.6940275659290193,9.730043411254883,9.42532730102539,persistence,24,50
0.8,0.8803196257609316,7.224016189575195,0.7408184824671975,10.327862739562988,9.740346908569336,persistence,24,30
0.8,0.8884343909375009,8.057260513305664,0.75294098177074,11.69369125366211,10.688974380493164,persistence,24,20
0.8,0.8105745706097659,12.531998634338379,0.6591191811313781,18.291505813598633,16.904003143310547,persistence,48,100
0.8,0.8329798179004769,9.43319034576416,0.6866795936549266,14.122919082641602,12.302310943603516,persistence,48,70
0.8,0.8467545076665499,8.099481582641602,0.6988820821461375,12.216089248657227,10.39122486114502,persistence,48,50
0.8,0.8682136759444931,8.396162986755371,0.731283219647551,12.925762176513672,10.474739074707031,persistence,48,30
0.8,0.8682164341923436,9.384592056274414,0.7359308672758716,14.539239883422852,11.468364715576172,persistence,48,20
0.8,0.8109414175739004,13.805140495300293,0.6578531453679365,20.729129791259766,17.972274780273438,persistence,72,100
0.8,0.8351836579331345,10.110153198242188,0.6854769975920496,15.724682807922363,12.51306438446045,persistence,72,70
0.8,0.8470772226650742,8.520403861999512,0.6993537425285962,13.498910903930664,10.276082992553711,persistence,72,50
0.8,0.8596410416247183,8.944703102111816,0.7279181572697759,14.44186019897461,10.4885892868042,persistence,72,30
0.8,0.8553271419863246,10.067987442016602,0.7302571514471148,16.272342681884766,11.631879806518555,persistence,72,20
0.9,0.9054141647060121,7.380703926086426,0.822252992009356,10.572628021240234,11.52644157409668,persistence,6,100
0.9,0.9043301733007124,6.956445693969727,0.8198229756529463,9.843523025512695,11.125811576843262,persistence,6,70
0.9,0.9113168151063719,6.789055824279785,0.827888092368204,9.600229263305664,10.902978897094727,persistence,6,50
0.9,0.9219443440748699,7.382238864898682,0.8451905811352397,10.371963500976562,11.968034744262695,persistence,6,30
0.9,0.9228518076177289,7.910542964935303,0.8457808461752756,11.19696044921875,12.764105796813965,persistence,6,20
0.9,0.9042226016345377,9.8502779006958,0.818515566171745,14.314661979675293,15.279510498046875,persistence,12,100
0.9,0.9040295242849932,8.894902229309082,0.8166234081462092,12.825031280517578,14.035345077514648,persistence,12,70
0.9,0.9177407743505016,8.432907104492188,0.8368082659171587,12.124557495117188,13.273626327514648,persistence,12,50
0.9,0.9350680873481929,9.200455665588379,0.8628075101572477,13.230438232421875,14.606832504272461,persistence,12,30
0.9,0.9363754968293941,9.91186809539795,0.8648789542930748,14.373238563537598,15.582085609436035,persistence,12,20
0.9,0.9072483995266847,12.181370735168457,0.822721894143964,18.274917602539062,18.21247673034668,persistence,24,100
0.9,0.9148335811159319,9.650635719299316,0.8336859293502396,14.654672622680664,14.245905876159668,persistence,24,70
0.9,0.9325829060347705,8.604414939880371,0.8560635941624443,13.108217239379883,12.484529495239258,persistence,24,50
0.9,0.9555398028956086,9.146289825439453,0.8898714380676819,14.043624877929688,12.96530818939209,persistence,24,30
0.9,0.9577160604497599,10.174331665039062,0.8972580258116833,15.89909553527832,14.21211051940918,persistence,24,20
0.9,0.9064733318806562,15.474613189697266,0.8237562370879522,24.183929443359375,22.230884552001953,persistence,48,100
0.9,0.9220050255275839,11.724281311035156,0.8462276823270786,18.80321502685547,16.191083908081055,persistence,48,70
0.9,0.9324698178728944,10.122603416442871,0.8572496407382174,16.489959716796875,13.637063026428223,persistence,48,50
0.9,0.9418726847957104,10.542475700378418,0.8761960452242318,17.477550506591797,13.751119613647461,persistence,48,30
0.9,0.9413155187298821,11.961790084838867,0.8810615944327526,19.920591354370117,15.183457374572754,persistence,48,20
0.9,0.907571114525209,17.060304641723633,0.8233259504232532,27.364213943481445,23.719890594482422,persistence,72,100
0.9,0.9243688439355784,12.587488174438477,0.848652182187787,20.913211822509766,16.532686233520508,persistence,72,70
0.9,0.9323981034287779,10.686724662780762,0.8577571583427344,18.202911376953125,13.441895484924316,persistence,72,50
0.9,0.9338461835503614,11.330351829528809,0.8719014533207925,19.564308166503906,13.80842399597168,persistence,72,30
0.9,0.9301225489520037,12.994465827941895,0.8734764128435053,22.4603328704834,15.399565696716309,persistence,72,20
0.95,0.9537028098270854,8.722380638122559,0.9104231428027659,13.033426284790039,14.108526229858398,persistence,6,100
0.95,0.9528312035062847,8.13515853881836,0.9081999950351539,11.98779296875,13.499710083007812,persistence,6,70
0.95,0.9571064876747695,7.8690924644470215,0.9144308769297391,11.65286636352539,13.151897430419922,persistence,6,50
0.95,0.9630146545708305,8.519674301147461,0.9247770646174724,12.556782722473145,14.349610328674316,persistence,6,30
0.95,0.9635883701237625,9.121005058288574,0.9255631652549035,13.529670715332031,15.295637130737305,persistence,6,20
0.95,0.9531290942741533,11.580778121948242,0.9086964796482683,17.585947036743164,18.611251831054688,persistence,12,100
0.95,0.953184259231166,10.3644437789917,0.9081889620437513,15.61025619506836,17.01291275024414,persistence,12,70
0.95,0.9619996193617966,9.82852554321289,0.921762299716728,14.830320358276367,16.098308563232422,persistence,12,50
0.95,0.9714024862846126,10.66114616394043,0.936883014433911,16.12815284729004,17.501728057861328,persistence,12,30
0.95,0.9716093548734103,11.473479270935059,0.9382207646414692,17.502634048461914,18.74861717224121,persistence,12,20
0.95,0.9554653302036414,14.374542236328125,0.912563543134859,22.65656280517578,22.274524688720703,persistence,24,100
0.95,0.9600771206099038,11.365405082702637,0.9186868533632695,18.09160041809082,17.378389358520508,persistence,24,70
0.95,0.971474200728729,10.195594787597656,0.9344143826075924,16.358612060546875,15.303609848022461,persistence,24,50
0.95,0.9831388308890661,10.983304977416992,0.9545523501650811,17.735240936279297,16.021469116210938,persistence,24,30
0.95,0.9831608968718711,12.179081916809082,0.957156136136081,19.956586837768555,17.550939559936523,persistence,24,20
0.95,0.9540200083299085,18.190706253051758,0.9108506712196145,29.788373947143555,27.164188385009766,persistence,48,100
0.95,0.9629925885880254,13.814629554748535,0.9249508342320625,23.176023483276367,19.807531356811523,persistence,48,70
0.95,0.9697392628306795,12.037720680236816,0.9338020515847513,20.630664825439453,16.674179077148438,persistence,48,50
0.95,0.972398213758692,12.630544662475586,0.941814761590847,21.971641540527344,16.82016372680664,persistence,48,30
0.95,0.9723237410667248,14.566343307495117,0.9451549997379665,25.384483337402344,18.748655319213867,persistence,48,20
0.95,0.954447536746757,20.050912857055664,0.9115374749344226,33.6356201171875,29.099136352539062,persistence,72,100
0.95,0.964757867212432,14.897526741027832,0.9278552692187815,25.78729248046875,20.219364166259766,persistence,72,70
0.95,0.9686718209124836,12.769174575805664,0.9320505641995979,22.705148696899414,16.348665237426758,persistence,72,50
0.95,0.9662942112652358,13.760717391967773,0.936670629349412,24.689430236816406,16.884166717529297,persistence,72,30
0.95,0.9638972938830337,16.144981384277344,0.9382097316500666,29.067461013793945,19.023578643798828,persistence,72,20
0.5,0.5146504334586497,3.3520405292510986,0.26947805675922426,3.640429973602295,4.046069622039795,ridge,6,100
0.5,0.528044485021335,2.9239227771759033,0.2737891981497673,3.139129400253296,3.57595157623291,ridge,6,70
0.5,0.5332741229461397,2.73079252243042,0.27647297330843557,2.978416919708252,3.2958483695983887,ridge,6,50
0.5,0.5462268548527234,2.8061914443969727,0.28604960984584155,3.0599284172058105,3.3994803428649902,ridge,6,30
0.5,0.5530121445652864,3.203622817993164,0.2923577226802446,3.576747417449951,3.8184168338775635,ridge,6,20
0.5,0.5099641703604203,4.447425842285156,0.26460423280715156,4.984375476837158,5.212102890014648,ridge,12,100
0.5,0.5213226350093366,3.615532875061035,0.26803549313334196,4.1212849617004395,4.17889404296875,ridge,12,70
0.5,0.5341181467884342,3.2285122871398926,0.2764757315562862,3.7675421237945557,3.640639543533325,ridge,12,50
0.5,0.5663344816838551,3.310002088546753,0.2972480961194211,3.842690944671631,3.7326807975769043,ridge,12,30
0.5,0.5811655803767215,3.7704179286956787,0.31018427853890096,4.5005621910095215,4.146944046020508,ridge,12,20
0.5,0.5142201467939506,5.476861476898193,0.26668670993438126,6.44035530090332,6.111612796783447,ridge,24,100
0.5,0.5243429164057823,4.081719398498535,0.27063376260864047,4.894527912139893,4.4606523513793945,ridge,24,70
0.5,0.5373535715172294,3.5144810676574707,0.28059655384513543,4.26547908782959,3.7836990356445312,ridge,24,50
0.5,0.5763220971510058,3.593928337097168,0.3070812497069362,4.380148887634277,3.836317777633667,ridge,24,30
0.5,0.5923337259239441,4.1645073890686035,0.32158687515342754,5.225963592529297,4.300316333770752,ridge,24,20
0.5,0.5203241492874067,6.807331562042236,0.2684326808238335,8.544260025024414,7.028149127960205,ridge,48,100
0.5,0.5325266377786175,4.85087776184082,0.2754579380994017,6.261158466339111,4.840310573577881,ridge,48,70
0.5,0.5448339396881525,4.069544792175293,0.28405815489768277,5.319589614868164,3.9850308895111084,ridge,48,50
0.5,0.5680032216334896,4.170876979827881,0.3058676206526566,5.531219959259033,4.041030406951904,ridge,48,30
0.5,0.5689741248769132,4.746078968048096,0.3100077506764603,6.498636245727539,4.426129341125488,ridge,48,20
0.5,0.5204068967229257,7.400722980499268,0.26973181556148274,9.624107360839844,7.294490814208984,ridge,72,100
0.5,0.528287210832191,5.189233779907227,0.27233008503678124,6.938438415527344,4.9184722900390625,ridge,72,70
0.5,0.5457882934444723,4.3293633460998535,0.28339065891782905,5.915323257446289,4.012645721435547,ridge,72,50
0.5,0.560851084956792,4.480373382568359,0.30345139553550005,6.264263153076172,4.071527481079102,ridge,72,30
0.5,0.5592292352206184,5.0469160079956055,0.30623722586464175,7.245335578918457,4.432005405426025,ridge,72,20
0.6,0.6147665556931615,3.8998160362243652,0.38366675952767765,4.579843997955322,5.081157207489014,ridge,6,100
0.6,0.6296583358387418,3.3894917964935303,0.3907995884694207,3.9329209327697754,4.47492790222168,ridge,6,70
0.6,0.6351637985486099,3.1615564823150635,0.3939963977283071,3.7330002784729004,4.127601146697998,ridge,6,50
0.6,0.6488309166485082,3.247101068496704,0.40603614959633044,3.833660125732422,4.252646446228027,ridge,6,30
0.6,0.6572159901144397,3.7159533500671387,0.4138695734921349,4.4789934158325195,4.785092353820801,ridge,6,20
0.6,0.6108912174630188,5.161909580230713,0.3785226272862427,6.275406837463379,6.52735710144043,ridge,12,100
0.6,0.6235957070630452,4.185156345367432,0.38440045345594664,5.1687912940979,5.230412483215332,ridge,12,70
0.6,0.637773101015311,3.749037504196167,0.3954389613541894,4.729490280151367,4.562939167022705,ridge,12,50
0.6,0.6715892196641006,3.8452868461608887,0.42310418729606203,4.8302459716796875,4.68203067779541,ridge,12,30
0.6,0.6854852723356015,4.391960144042969,0.4374663838543204,5.662131309509277,5.208889007568359,ridge,12,20
0.6,0.6156574697489167,6.365396976470947,0.3815980736397011,8.107540130615234,7.669605255126953,ridge,24,100
0.6,0.6265304827761213,4.741952419281006,0.387657944167547,6.148632049560547,5.58671760559082,ridge,24,70
0.6,0.642773804368513,4.102540016174316,0.3993115413364814,5.387080192565918,4.734661102294922,ridge,24,50
0.6,0.6809727788519621,4.200159072875977,0.4342006183991681,5.538573265075684,4.810633182525635,ridge,24,30
0.6,0.6975195077079236,4.881944179534912,0.4513762277650745,6.615775108337402,5.4033894538879395,ridge,24,20
0.6,0.6201589302411536,7.902116298675537,0.3833964512383154,10.725643157958984,8.82176685333252,ridge,48,100
0.6,0.6326151775346229,5.627435684204102,0.39177876645639625,7.839804649353027,6.063002109527588,ridge,48,70
0.6,0.6472394076386916,4.748540878295898,0.4035757925135637,6.724035263061523,4.988471031188965,ridge,48,50
0.6,0.6692171265125542,4.886076927185059,0.43071143486811436,7.00398588180542,5.064166069030762,ridge,48,30
0.6,0.6701245900554132,5.582831382751465,0.43645686514098786,8.2229642868042,5.56172513961792,ridge,48,20
0.6,0.6171083081183509,8.581071853637695,0.38382673790301447,12.077313423156738,9.145593643188477,ridge,72,100
0.6,0.6284722892629686,6.035775184631348,0.38925221142521427,8.72646427154541,6.172534942626953,ridge,72,70
0.6,0.6488391913920601,5.073729515075684,0.4032034290537279,7.470333099365234,5.023981094360352,ridge,72,50
0.6,0.6620291326137984,5.265597343444824,0.42651889813514865,7.911216735839844,5.115488052368164,ridge,72,30
0.6,0.6585868392962054,5.9493489265441895,0.43060662144979023,9.168583869934082,5.571469306945801,ridge,72,20
0.7,0.714082786050989,4.5445733070373535,0.5154089516175745,5.710790157318115,6.299495220184326,ridge,6,100
0.7,0.7298158317910131,3.928321361541748,0.526229557935617,4.894373893737793,5.529863357543945,ridge,6,70
0.7,0.7354123166799522,3.6605043411254883,0.5302952152674535,4.634391784667969,5.101081848144531,ridge,6,50
0.7,0.7490932260191037,3.760916233062744,0.5449332366107754,4.751577377319336,5.269471168518066,ridge,6,30
0.7,0.7557764605611931,4.301666259765625,0.5533514090509145,5.540616989135742,5.925934314727783,ridge,6,20
0.7,0.7103674261961831,5.990362167358398,0.5095835321570326,7.792147159576416,8.09634017944336,ridge,12,100
0.7,0.7246910072845326,4.845839977264404,0.5188346954480636,6.411826133728027,6.4673261642456055,ridge,12,70
0.7,0.7393069626450494,4.34890079498291,0.5320991093617691,5.887206077575684,5.6560516357421875,ridge,12,50
0.7,0.7704779216050796,4.464115142822266,0.5653690949361327,6.0272536277771,5.810942649841309,ridge,12,30
0.7,0.783356180819696,5.117194652557373,0.5809587117879238,7.070338726043701,6.467512130737305,ridge,12,20
0.7,0.7150978212600227,7.396874904632568,0.5135857497883045,10.092522621154785,9.503450393676758,ridge,24,100
0.7,0.7257970646726374,5.498725414276123,0.5217529216740358,7.650124549865723,6.907894134521484,ridge,24,70
0.7,0.7448179418506188,4.790749549865723,0.5358668759257369,6.742234230041504,5.859624862670898,ridge,24,50
0.7,0.7806448231825215,4.915389537811279,0.5775053854789284,6.964207649230957,5.97705078125,ridge,24,30
0.7,0.7934375767137684,5.727530002593994,0.5946203133921207,8.333456993103027,6.711846351623535,ridge,24,20
0.7,0.718545631073317,9.171066284179688,0.5156709851633848,13.308900833129883,10.91259765625,ridge,48,100
0.7,0.732055529045729,6.539302349090576,0.5284720134381835,9.768484115600586,7.5103044509887695,ridge,48,70
0.7,0.7483981475607435,5.548202037811279,0.5395656862934389,8.415266036987305,6.177390098571777,ridge,48,50
0.7,0.7660923075225694,5.743544578552246,0.5703229080758739,8.80808162689209,6.293286323547363,ridge,48,30
0.7,0.7652262176974699,6.5871968269348145,0.5766861858672897,10.344128608703613,6.92026424407959,ridge,48,20
0.7,0.7144523912629741,9.953354835510254,0.5148738515345512,14.955329895019531,11.351066589355469,ridge,72,100
0.7,0.7280036629531457,7.027530670166016,0.524792510805436,10.854900360107422,7.6494550704956055,ridge,72,70
0.7,0.7475348159834947,5.947227954864502,0.5403324791959155,9.35655403137207,6.228320121765137,ridge,72,50
0.7,0.7572962551268932,6.209658145904541,0.5655566557899759,9.946033477783203,6.34912633895874,ridge,72,30
0.7,0.7537188076646191,7.058211803436279,0.5678266937710489,11.53079605102539,6.923871994018555,ridge,72,20
0.8,0.8123095085078155,5.373496055603027,0.6656617450330852,7.219889163970947,7.89208984375,ridge,6,100
0.8,0.8265641333998991,4.609662055969238,0.6761458451133502,6.124814987182617,6.887434005737305,ridge,6,70
0.8,0.8324585090567068,4.294356346130371,0.6814389227387194,5.795105934143066,6.348928451538086,ridge,6,50
0.8,0.8448292506668064,4.412689685821533,0.6979442778769215,5.93617057800293,6.566333770751953,ridge,6,30
0.8,0.8496892833796259,5.052663803100586,0.7049557439132366,6.915949821472168,7.3909783363342285,ridge,6,20
0.8,0.8097691622373804,7.059528350830078,0.6594170718992467,9.792139053344727,10.128798484802246,ridge,12,100
0.8,0.8223191899577712,5.684051513671875,0.6707231298390011,8.022984504699707,8.055946350097656,ridge,12,70
0.8,0.8367117272423865,5.1110005378723145,0.6844398964002107,7.383720397949219,7.052748680114746,ridge,12,50
0.8,0.8626254657991058,5.2653937339782715,0.7191331378655024,7.591333389282227,7.259286880493164,ridge,12,30
0.8,0.8720752229353825,6.04656982421875,0.7328030142132512,8.910778045654297,8.100706100463867,ridge,12,20
0.8,0.8129576967527148,8.720256805419922,0.6639185323914837,12.679155349731445,11.897937774658203,ridge,24,100
0.8,0.8234748958071875,6.469834327697754,0.6736551473042265,9.620838165283203,8.627285957336426,ridge,24,70
0.8,0.8429619168719262,5.672588348388672,0.6882545531776394,8.558744430541992,7.313937664031982,ridge,24,50
0.8,0.8720586734482787,5.8554205894470215,0.7301854370029982,8.876152038574219,7.49437952041626,ridge,24,30
0.8,0.8803885819571975,6.844507694244385,0.7446248645010743,10.615055084228516,8.415362358093262,ridge,24,20
0.8,0.8145216232840251,10.792430877685547,0.664762556233778,16.67844581604004,13.647112846374512,ridge,48,100
0.8,0.8264538034858736,7.699685096740723,0.6784738062992864,12.242280960083008,9.37896728515625,ridge,48,70
0.8,0.8442831175923806,6.605961322784424,0.6911920871385661,10.683337211608887,7.708710670471191,ridge,48,50
0.8,0.8548637563474178,6.877203941345215,0.7186614774830437,11.240874290466309,7.877361297607422,ridge,48,30
0.8,0.8533218957989127,7.945204734802246,0.7244896551914362,13.21471881866455,8.691712379455566,ridge,48,20
0.8,0.810089118988054,11.704010009765625,0.6613037134290813,18.658405303955078,14.169273376464844,ridge,72,100
0.8,0.8246443928958568,8.304487228393555,0.6759610425073577,13.615550994873047,9.548304557800293,ridge,72,70
0.8,0.8396685689382677,7.082577228546143,0.689377160052848,11.83211612701416,7.7766618728637695,ridge,72,50
0.8,0.8445534258817429,7.471655368804932,0.7138538514793862,12.701811790466309,7.95184326171875,ridge,72,30
0.8,0.8424213002932017,8.590373992919922,0.7165321101423532,14.802740097045898,8.709678649902344,ridge,72,20
0.9,0.9091681400307269,6.6878275871276855,0.8275653773696797,9.608846664428711,10.380544662475586,ridge,6,100
0.9,0.9191392060107737,5.669114589691162,0.8394892828279763,8.086851119995117,8.959924697875977,ridge,6,70
0.9,0.9237151391949778,5.2635602951049805,0.84510507545187,7.601471900939941,8.28577995300293,ridge,6,50
0.9,0.932042289456046,5.4203925132751465,0.8575585644974886,7.791843891143799,8.547248840332031,ridge,6,30
0.9,0.9340944258569186,6.204998970031738,0.8616986945212923,9.05487060546875,9.653918266296387,ridge,6,20
0.9,0.9077421258919484,8.724544525146484,0.8244154583242541,12.932374000549316,13.278139114379883,ridge,12,100
0.9,0.9172167072588808,6.974937915802002,0.8358263296823326,10.541885375976562,10.487815856933594,ridge,12,70
0.9,0.9267850690527349,6.283744812011719,0.8478026418497914,9.741252899169922,9.207673072814941,ridge,12,50
0.9,0.9444406135446519,6.522095203399658,0.8733991819036875,10.09438705444336,9.47368335723877,ridge,12,30
0.9,0.9477146537433561,7.520815849304199,0.8814339578925883,11.812271118164062,10.664316177368164,ridge,12,20
0.9,0.9099983726337681,10.794708251953125,0.8262579678884785,16.74626922607422,15.558616638183594,ridge,24,100
0.9,0.9167753876027792,7.982835292816162,0.8368303318999639,12.68367862701416,11.284492492675781,ridge,24,70
0.9,0.9315485630907823,7.048069000244141,0.8523675420425929,11.479181289672852,9.581686973571777,ridge,24,50
0.9,0.9493116792488739,7.348982810974121,0.8813539687049199,12.008587837219238,9.819849014282227,ridge,24,30
0.9,0.9506770119349385,8.631298065185547,0.8904037799028545,14.377235412597656,11.125505447387695,ridge,24,20
0.9,0.9083461821712375,13.300525665283203,0.8263876055374584,21.92113494873047,17.910301208496094,ridge,48,100
0.9,0.9170374211485895,9.511940956115723,0.8381349831333144,16.10104751586914,12.259450912475586,ridge,48,70
0.9,0.930505945403242,8.286378860473633,0.8506077799138875,14.341997146606445,10.066177368164062,ridge,48,50
0.9,0.9339013485073742,8.72465705871582,0.8668786839847855,15.238849639892578,10.327083587646484,ridge,48,30
0.9,0.93344899585987,10.286548614501953,0.8740887438663464,18.180295944213867,11.513727188110352,ridge,48,20
0.9,0.905279010561331,14.444978713989258,0.8240927433257298,24.460411071777344,18.63015365600586,ridge,72,100
0.9,0.9165630025182803,10.289154052734375,0.8367944746779056,17.911558151245117,12.53219985961914,ridge,72,70
0.9,0.9251328785902043,8.897470474243164,0.847154453604892,15.791016578674316,10.17318344116211,ridge,72,50
0.9,0.924697075429804,9.596600532531738,0.8603361200830785,17.24513053894043,10.470769882202148,ridge,72,30
0.9,0.9254418023494755,11.347681999206543,0.8667793870621626,20.60824966430664,11.564748764038086,ridge,72,20
0.95,0.9558404519113278,7.938220024108887,0.9141054036833641,11.898675918579102,12.709183692932129,ridge,6,100
0.95,0.962465763248554,6.659287929534912,0.9224849606535944,9.915590286254883,10.865581512451172,ridge,6,70
0.95,0.9657177374644531,6.154301643371582,0.927041586102844,9.291383743286133,10.00632095336914,ridge,6,50
0.95,0.9705005392374548,6.36359167098999,0.9348832847422004,9.535112380981445,10.32558822631836,ridge,6,30
0.95,0.9717803662401496,7.303878307342529,0.9367285525542755,11.037443161010742,11.721274375915527,ridge,6,20
0.95,0.9554211982380313,10.300952911376953,0.9114574857467542,15.966444969177246,16.134363174438477,ridge,12,100
0.95,0.9608411552645297,8.160361289978027,0.9204493737398255,12.91014575958252,12.71906852722168,ridge,12,70
0.95,0.9676264449770927,7.370729923248291,0.9289337441283799,11.949007987976074,11.12826156616211,ridge,12,50
0.95,0.9773906423683419,7.700944900512695,0.9447964275173839,12.538707733154297,11.461044311523438,ridge,12,30
0.95,0.9780746878352995,8.907474517822266,0.9477284449826092,14.561410903930664,13.062042236328125,ridge,12,20
0.95,0.9563452112679941,12.714731216430664,0.912858675654877,20.658740997314453,18.945037841796875,ridge,24,100
0.95,0.9604632753089927,9.388257026672363,0.920876902156674,15.629443168640137,13.704767227172852,ridge,24,70
0.95,0.9699102741974188,8.331014633178711,0.9310244959991615,14.255268096923828,11.613471984863281,ridge,24,50
0.95,0.978971118386756,8.776617050170898,0.9480428852375817,15.117578506469727,11.941227912902832,ridge,24,30
0.95,0.9784056775773757,10.374497413635254,0.951807893553699,18.070398330688477,13.643470764160156,ridge,24,20
0.95,0.954213085679453,15.622087478637695,0.911156836731035,26.769317626953125,21.79058265686035,ridge,48,100
0.95,0.9592634374939664,11.191476821899414,0.919848075708387,19.670434951782227,14.928991317749023,ridge,48,70
0.95,0.967367169679133,9.86240291595459,0.9282993471227338,17.773529052734375,12.23031997680664,ridge,48,50
0.95,0.9682001605300249,10.571786880493164,0.9354790662779376,19.18292236328125,12.60366153717041,ridge,48,30
0.95,0.9681174130945058,12.756560325622559,0.9404632201440357,23.35687255859375,14.187477111816406,ridge,48,20
0.95,0.952442290559345,16.9758358001709,0.909068843108104,29.806835174560547,22.73288917541504,ridge,72,100
0.95,0.95940962463005,12.158700942993164,0.9193019426339613,21.890380859375,15.325804710388184,ridge,72,70
0.95,0.9640048655492085,10.631752014160156,0.9242612722694036,19.460250854492188,12.381616592407227,ridge,72,50
0.95,0.9614479697916696,11.782182693481445,0.9289613266068862,21.808879852294922,12.79626178741455,ridge,72,30
0.95,0.9631939406811217,14.447385787963867,0.9345798774786305,26.893184661865234,14.30006217956543,ridge,72,20
0.5,0.5158419965301242,3.2371323108673096,0.2699497171416829,3.5176730155944824,3.8989665508270264,gradient_boosting,6,100
0.5,0.5279893200643223,2.746962547302246,0.27460563951355543,2.974569797515869,3.3415181636810303,gradient_boosting,6,70
0.5,0.535163522723825,2.52201247215271,0.27913192423644806,2.763397216796875,3.0304229259490967,gradient_boosting,6,50
0.5,0.5480776391604997,2.598924398422241,0.286568160441761,2.8422317504882812,3.1183407306671143,gradient_boosting,6,30
0.5,0.5531279909750131,2.9491453170776367,0.2920625901602266,3.315274238586426,3.4818460941314697,gradient_boosting,6,20
0.5,0.5099393461297645,4.295741558074951,0.26297135007957545,4.817914009094238,5.034956455230713,gradient_boosting,12,100
0.5,0.5229637924804648,3.411515235900879,0.2701703769697337,3.8997936248779297,3.938617706298828,gradient_boosting,12,70
0.5,0.5369012188697252,3.024742841720581,0.280781356451128,3.516054153442383,3.4155869483947754,gradient_boosting,12,50
0.5,0.5604345895313461,3.0960192680358887,0.2973749755205503,3.590909004211426,3.508305549621582,gradient_boosting,12,30
0.5,0.5756904583932103,3.467848300933838,0.3089016932883555,4.161165237426758,3.8039255142211914,gradient_boosting,12,20
0.5,0.5143746086735862,5.291802883148193,0.26492694780567594,6.219858646392822,5.899417877197266,gradient_boosting,24,100
0.5,0.5291974326229006,3.93941593170166,0.27396020951650674,4.752403736114502,4.279693126678467,gradient_boosting,24,70
0.5,0.5364847234442792,3.3724732398986816,0.280395201752039,4.1040358543396,3.6298065185546875,gradient_boosting,24,50
0.5,0.5644423236583193,3.43171763420105,0.30097173071777883,4.186819076538086,3.663511276245117,gradient_boosting,24,30
0.5,0.5868172302226734,3.918520212173462,0.3169530187643601,4.943858623504639,4.029031276702881,gradient_boosting,24,20
0.5,0.5161757445200511,6.485599517822266,0.2630927129850034,8.098426818847656,6.700160026550293,gradient_boosting,48,100
0.5,0.5373866704914371,4.690438747406006,0.2790740010315847,6.022805213928223,4.704272270202637,gradient_boosting,48,70
0.5,0.5397973791128923,3.9757111072540283,0.2835506372931659,5.179195404052734,3.9198241233825684,gradient_boosting,48,50
0.5,0.5531693646927726,4.012083053588867,0.2984727581651032,5.255953788757324,3.9446797370910645,gradient_boosting,48,30
0.5,0.5711696901660189,4.5597686767578125,0.3130500980557111,6.180420398712158,4.309771537780762,gradient_boosting,48,20
0.5,0.514633883971546,6.991652488708496,0.2629437676010691,8.989097595214844,6.980103492736816,gradient_boosting,72,100
0.5,0.5365647126319477,5.009517669677734,0.278428571034536,6.607604503631592,4.8453240394592285,gradient_boosting,72,70
0.5,0.5403655781701232,4.243824481964111,0.2824114809308535,5.729246616363525,3.9736247062683105,gradient_boosting,72,50
0.5,0.54764459424795,4.281108379364014,0.2971184584704412,5.817244529724121,4.004773139953613,gradient_boosting,72,30
0.5,0.564996731476297,4.867191314697266,0.31191645818909997,6.828204154968262,4.369220733642578,gradient_boosting,72,20
0.6,0.6153292382546911,3.763468027114868,0.38405843072246787,4.428061485290527,4.887157440185547,gradient_boosting,6,100
0.6,0.6288667187056094,3.187354803085327,0.39209872320706995,3.7328319549560547,4.188948631286621,gradient_boosting,6,70
0.6,0.6368490879853482,2.924556016921997,0.39676567857034495,3.4631094932556152,3.798053741455078,gradient_boosting,6,50
0.6,0.6507451406568492,3.012096405029297,0.4068829316864755,3.5671186447143555,3.912609577178955,gradient_boosting,6,30
0.6,0.6565622853738391,3.4188005924224854,0.41516870822978413,4.150149822235107,4.370316505432129,gradient_boosting,6,20
0.6,0.6113187458798672,4.99118185043335,0.37663874400425873,6.055113792419434,6.308438301086426,gradient_boosting,12,100
0.6,0.6257333491472877,3.9593381881713867,0.38770207613315716,4.897097110748291,4.937073230743408,gradient_boosting,12,70
0.6,0.6404872169003363,3.514986038208008,0.39951840992527904,4.426013469696045,4.274553298950195,gradient_boosting,12,50
0.6,0.6644177752524486,3.6013083457946777,0.4213995901243694,4.525825500488281,4.395969390869141,gradient_boosting,12,30
0.6,0.6806941958190479,4.0427021980285645,0.43587211659665315,5.245865821838379,4.768468856811523,gradient_boosting,12,20
0.6,0.615949844021084,6.1518425941467285,0.3793666511285371,7.814606189727783,7.396234512329102,gradient_boosting,24,100
0.6,0.6306513050649706,4.573505401611328,0.391651887055267,5.972564697265625,5.359417915344238,gradient_boosting,24,70
0.6,0.6410829984360734,3.9299261569976807,0.3995818496258437,5.176818370819092,4.545444488525391,gradient_boosting,24,50
0.6,0.6698818642445573,4.005959987640381,0.4252914778416159,5.289953231811523,4.588432312011719,gradient_boosting,24,30
0.6,0.6900225900498967,4.5784196853637695,0.4453053242458261,6.240410327911377,5.053818702697754,gradient_boosting,24,20
0.6,0.6146369180441816,7.515830993652344,0.37596848977655434,10.133978843688965,8.417865753173828,gradient_boosting,48,100
0.6,0.6378061999895187,5.442171573638916,0.39732008638832267,7.567005157470703,5.9037766456604,gradient_boosting,48,70
0.6,0.6428179363341231,4.646620273590088,0.40167260149662526,6.542669296264648,4.909898281097412,gradient_boosting,48,50
0.6,0.6541681262394876,4.694991588592529,0.4203680054282318,6.636987686157227,4.947303771972656,gradient_boosting,48,30
0.6,0.6717574727829894,5.354062080383301,0.4388317165403849,7.80928897857666,5.418949604034424,gradient_boosting,48,20
0.6,0.61271993578799,8.101801872253418,0.3753727082408171,11.244159698486328,8.766227722167969,gradient_boosting,72,100
0.6,0.6375882984093184,5.826883316040039,0.3969228986978312,8.320032119750977,6.082764625549316,gradient_boosting,72,70
0.6,0.6409837015134506,4.963371753692627,0.399965246077082,7.235499382019043,4.970932960510254,gradient_boosting,72,50
0.6,0.6462354054210603,5.017989635467529,0.41837655048007305,7.357409477233887,5.029717922210693,gradient_boosting,72,30
0.6,0.6633999817955641,5.724977970123291,0.43689266830138823,8.651566505432129,5.4984235763549805,gradient_boosting,72,20
0.7,0.7140138298547231,4.3854241371154785,0.5166087894326008,5.525160789489746,6.071252822875977,gradient_boosting,6,100
0.7,0.7287235656421615,3.699955463409424,0.5270846147693139,4.62794303894043,5.185634613037109,gradient_boosting,6,70
0.7,0.7368107483402243,3.390958309173584,0.534473960761166,4.2953033447265625,4.717228889465332,gradient_boosting,6,50
0.7,0.7493194023428558,3.488725423812866,0.5462682285704828,4.424454689025879,4.856345176696777,gradient_boosting,6,30
0.7,0.7564853302588064,3.96563458442688,0.5533183100767068,5.137603759765625,5.411337852478027,gradient_boosting,6,20
0.7,0.7117575831129034,5.797821998596191,0.5088608712201661,7.538801670074463,7.815887451171875,gradient_boosting,12,100
0.7,0.7261418456539668,4.593425750732422,0.5225969455163302,6.086524963378906,6.109468460083008,gradient_boosting,12,70
0.7,0.741593550113226,4.0889410972595215,0.5363412945560462,5.516365051269531,5.305081844329834,gradient_boosting,12,50
0.7,0.7647986892806213,4.1959357261657715,0.5609614148708174,5.643755912780762,5.4454450607299805,gradient_boosting,12,30
0.7,0.7792326002829962,4.713689804077148,0.5760462723659423,6.535514831542969,5.906210899353027,gradient_boosting,12,20
0.7,0.7151502279691848,7.148981094360352,0.5118728778730599,9.72988510131836,9.182327270507812,gradient_boosting,24,100
0.7,0.7301688875158944,5.311986446380615,0.5273135493409167,7.440542697906494,6.641401290893555,gradient_boosting,24,70
0.7,0.7423244857936444,4.590200901031494,0.5365757456233502,6.4715986251831055,5.631479740142822,gradient_boosting,24,50
0.7,0.76874298370703,4.680145263671875,0.567250219970266,6.627405166625977,5.691876411437988,gradient_boosting,24,30
0.7,0.7862275168322075,5.347370624542236,0.5867399992828556,7.823960304260254,6.266505241394043,gradient_boosting,24,20
0.7,0.7144110175452146,8.733588218688965,0.5073603843894204,12.542139053344727,10.471572875976562,gradient_boosting,48,100
0.7,0.735754339413431,6.318090915679932,0.5332217162369777,9.396818161010742,7.326563835144043,gradient_boosting,48,70
0.7,0.7429699157906932,5.43174409866333,0.5369977575444974,8.19944953918457,6.084492206573486,gradient_boosting,48,50
0.7,0.7505937128498492,5.502777576446533,0.5590913228280867,8.3387451171875,6.144563674926758,gradient_boosting,48,30
0.7,0.765543416200293,6.300428867340088,0.5777508695376349,9.794410705566406,6.746104717254639,gradient_boosting,48,20
0.7,0.708378729495875,9.386194229125977,0.5061081398652321,13.903579711914062,10.895710945129395,gradient_boosting,72,100
0.7,0.7368879792800421,6.781153202056885,0.5340988390534797,10.345800399780273,7.550041198730469,gradient_boosting,72,70
0.7,0.740390954050349,5.825274467468262,0.5346835875978143,9.045952796936035,6.165639400482178,gradient_boosting,72,50
0.7,0.7415080444298564,5.90214204788208,0.5553318310076707,9.250232696533203,6.245480060577393,gradient_boosting,72,30
0.7,0.7570287050853816,6.777215480804443,0.5755277217700228,10.886751174926758,6.861310005187988,gradient_boosting,72,20
0.8,0.8122515853029522,5.189795970916748,0.6644729402094613,6.9816813468933105,7.595498085021973,gradient_boosting,6,100
0.8,0.826919947372631,4.3524065017700195,0.6770312426734042,5.806112289428711,6.463262557983398,gradient_boosting,6,70
0.8,0.8333135658904037,3.9866466522216797,0.6843681819560942,5.382807731628418,5.878761291503906,gradient_boosting,6,50
0.8,0.8437921494749675,4.09647274017334,0.6985069604384511,5.536721229553223,6.068114280700684,gradient_boosting,6,30
0.8,0.8500340643609553,4.654898643493652,0.7041062035752409,6.411537170410156,6.761373996734619,gradient_boosting,6,20
0.8,0.8110158902658675,6.8297953605651855,0.6583606629724533,9.479026794433594,9.781558990478516,gradient_boosting,12,100
0.8,0.8247326568270772,5.400962829589844,0.6735199931595454,7.644443511962891,7.616693019866943,gradient_boosting,12,70
0.8,0.8370537499758653,4.81992244720459,0.6885855429197156,6.952141761779785,6.634861946105957,gradient_boosting,12,50
0.8,0.8585129182538085,4.948284149169922,0.7139586648977104,7.117586135864258,6.814233779907227,gradient_boosting,12,30
0.8,0.8679985326121434,5.561410903930664,0.7277333546637834,8.25021743774414,7.3991851806640625,gradient_boosting,12,20
0.8,0.8127370369246639,8.413962364196777,0.6616402196668588,12.212690353393555,11.493236541748047,gradient_boosting,24,100
0.8,0.8271433654485325,6.256386756896973,0.6774173973724931,9.34882926940918,8.282502174377441,gradient_boosting,24,70
0.8,0.8390617544111278,5.432635307312012,0.6882793774082951,8.189366340637207,7.026767730712891,gradient_boosting,24,50
0.8,0.8619055631100899,5.5571980476379395,0.7199413044857385,8.420991897583008,7.1300201416015625,gradient_boosting,24,30
0.8,0.8736501824580953,6.358761787414551,0.7367059349219002,9.924749374389648,7.849656105041504,gradient_boosting,24,20
0.8,0.810770406207161,10.261393547058105,0.6576876504968984,15.691234588623047,13.139785766601562,gradient_boosting,48,100
0.8,0.8301112401358162,7.44035530090332,0.6825946285881357,11.757406234741211,9.150164604187012,gradient_boosting,48,70
0.8,0.8373102670259744,6.451345920562744,0.6878601237349986,10.38848876953125,7.604289531707764,gradient_boosting,48,50
0.8,0.8409759784194688,6.562232971191406,0.7080036077881886,10.604290008544922,7.67942476272583,gradient_boosting,48,30
0.8,0.8519372553778938,7.560115337371826,0.7251019862142772,12.476734161376953,8.480666160583496,gradient_boosting,48,20
0.8,0.804627788243796,11.031281471252441,0.6529158817152991,17.31633186340332,13.668330192565918,gradient_boosting,72,100
0.8,0.8315758697445035,8.025568008422852,0.6839709942656027,12.987236022949219,9.446220397949219,gradient_boosting,72,70
0.8,0.8331922029849759,6.92207145690918,0.684558501057788,11.475406646728516,7.711045742034912,gradient_boosting,72,50
0.8,0.8303705154337758,7.0656914710998535,0.7035931694750227,11.76998233795166,7.841285228729248,gradient_boosting,72,30
0.8,0.8430060488375365,8.199180603027344,0.7215548794783602,13.929773330688477,8.630352020263672,gradient_boosting,72,20
0.9,0.9088371502886506,6.46916389465332,0.8287790064239593,9.326952934265137,10.011932373046875,gradient_boosting,6,100
0.9,0.9190647333188066,5.371008396148682,0.8396244369726575,7.667396068572998,8.445247650146484,gradient_boosting,6,70
0.9,0.9232931272738306,4.897469997406006,0.8457229229704123,7.082259178161621,7.652858734130859,gradient_boosting,6,50
0.9,0.9312230898444073,5.036236763000488,0.8565324962970523,7.2517852783203125,7.922783851623535,gradient_boosting,6,30
0.9,0.9347867460674282,5.72282075881958,0.8621675966559003,8.395709991455078,8.857585906982422,gradient_boosting,6,20
0.9,0.9078386645667207,8.442194938659668,0.8240017211466588,12.526780128479004,12.823589324951172,gradient_boosting,12,100
0.9,0.9171836082846733,6.638589382171631,0.8376329820244988,10.077630996704102,9.919336318969727,gradient_boosting,12,70
0.9,0.927549103707361,5.945446491241455,0.8496092941919575,9.216974258422852,8.659078598022461,gradient_boosting,12,50
0.9,0.941497563088024,6.126643180847168,0.8704368237121051,9.486120223999023,8.920906066894531,gradient_boosting,12,30
0.9,0.9457590560172556,6.901979446411133,0.8779916645749953,10.923666954040527,9.719228744506836,gradient_boosting,12,20
0.9,0.9090412606295977,10.401217460632324,0.8252236249444903,16.101520538330078,15.075584411621094,gradient_boosting,24,100
0.9,0.919522602462012,7.745882511138916,0.8391610513337507,12.334098815917969,10.85677433013916,gradient_boosting,24,70
0.9,0.9287710075051924,6.750905513763428,0.8505526149568748,10.972702026367188,9.21441650390625,gradient_boosting,24,50
0.9,0.9426560271852908,6.946551322937012,0.8741218428405539,11.362503051757812,9.329553604125977,gradient_boosting,24,30
0.9,0.9463741452879473,7.959092140197754,0.8831026978422227,13.313758850097656,10.30004596710205,gradient_boosting,24,20
0.9,0.9055217363721869,12.646653175354004,0.8212903635094843,20.526260375976562,17.321102142333984,gradient_boosting,48,100
0.9,0.9190592168231053,9.205385208129883,0.8414090233320186,15.45907974243164,11.980742454528809,gradient_boosting,48,70
0.9,0.9250556476503866,8.046374320983887,0.8461918251050203,13.853597640991211,9.920856475830078,gradient_boosting,48,50
0.9,0.9256183302119162,8.283855438232422,0.8590783590631887,14.28980827331543,10.076662063598633,gradient_boosting,48,30
0.9,0.9289833925896913,9.647905349731445,0.8704506149513583,16.920318603515625,11.203327178955078,gradient_boosting,48,20
0.9,0.9028710601877263,13.606801986694336,0.8156800873812919,22.608720779418945,17.987285614013672,gradient_boosting,72,100
0.9,0.9209044846351804,9.957427978515625,0.8423578605926372,17.09856414794922,12.38416576385498,gradient_boosting,72,70
0.9,0.9214202769832491,8.677102088928223,0.8429288178977187,15.279101371765137,10.100798606872559,gradient_boosting,72,50
0.9,0.9174290923433798,9.051353454589844,0.8533743025080748,15.946556091308594,10.351236343383789,gradient_boosting,72,30
0.9,0.9218891791178572,10.683489799499512,0.8658801982628554,19.150663375854492,11.482636451721191,gradient_boosting,72,20
0.95,0.9556639240488872,7.687580585479736,0.9142874480415061,11.562700271606445,12.266721725463867,gradient_boosting,6,100
0.95,0.9621761472242373,6.317850112915039,0.9232241710775647,9.428927421569824,10.277721405029297,gradient_boosting,6,70
0.95,0.9651164394330146,5.7391767501831055,0.9268567834968514,8.68533706665039,9.272780418395996,gradient_boosting,6,50
0.95,0.9695323942418818,5.895219326019287,0.9347343393582661,8.87159538269043,9.596935272216797,gradient_boosting,6,30
0.95,0.9710604635511337,6.690369606018066,0.936678904092964,10.223374366760254,10.750764846801758,gradient_boosting,6,20
0.95,0.9555508358870112,9.964795112609863,0.9119732780948231,15.449943542480469,15.629575729370117,gradient_boosting,12,100
0.95,0.961254892442125,7.809311866760254,0.921436826470353,12.333017349243164,12.081098556518555,gradient_boosting,12,70
0.95,0.9678029728395334,6.988768577575684,0.9293916132715854,11.354276657104492,10.467998504638672,gradient_boosting,12,50
0.95,0.9753936709244819,7.219598770141602,0.9426670601766933,11.744199752807617,10.790660858154297,gradient_boosting,12,30
0.95,0.9770100041649542,8.153864860534668,0.9465341236632842,13.500604629516602,11.840621948242188,gradient_boosting,12,20
0.95,0.9560859359700344,12.278133392333984,0.9130655442436747,19.843727111816406,18.418386459350586,gradient_boosting,24,100
0.95,0.961497618252981,9.10715103149414,0.9222836085604981,15.153947830200195,13.23863410949707,gradient_boosting,24,70
0.95,0.9677312583954168,7.969362735748291,0.9300701422428417,13.61161994934082,11.154806137084961,gradient_boosting,24,50
0.95,0.9753302312239173,8.280789375305176,0.9439055134616287,14.236873626708984,11.32061767578125,gradient_boosting,24,30
0.95,0.9755426163084162,9.516838073730469,0.9481366656645033,16.632244110107422,12.572270393371582,gradient_boosting,24,20
0.95,0.9532559736752825,14.90134048461914,0.9085944244777947,25.137157440185547,21.187314987182617,gradient_boosting,48,100
0.95,0.9600495381313974,10.863545417785645,0.9212961558299706,18.881275177001953,14.648971557617188,gradient_boosting,48,70
0.95,0.9640434810191174,9.564373016357422,0.9249453177363611,17.072650909423828,12.06686782836914,gradient_boosting,48,50
0.95,0.9640379645234162,9.999547004699707,0.9318161131322938,17.958553314208984,12.300187110900879,gradient_boosting,48,30
0.95,0.9646861527683155,11.83470344543457,0.9367561350327818,21.410179138183594,13.80490493774414,gradient_boosting,48,20
0.95,0.9521940482527879,16.04178810119629,0.9050445594940271,27.554763793945312,22.046279907226562,gradient_boosting,72,100
0.95,0.9612879914163327,11.742810249328613,0.9219333110834673,20.822250366210938,15.192513465881348,gradient_boosting,72,70
0.95,0.9612990244077352,10.327214241027832,0.9216905852726114,18.800151824951172,12.30695915222168,gradient_boosting,72,50
0.95,0.9581601383537122,11.102235794067383,0.9263051339267244,20.217235565185547,12.69270133972168,gradient_boosting,72,30
0.95,0.9591613823234928,13.396230697631836,0.9323925869330766,24.61996841430664,14.256528854370117,gradient_boosting,72,20
0.5,0.5133981889344613,3.209211826324463,0.26844923031093726,3.4829132556915283,3.8609724044799805,lstm,6,100
0.5,0.5263840198152525,2.697723388671875,0.27354647233891144,2.9105658531188965,3.26991605758667,lstm,6,70
0.5,0.5369425925874848,2.46266508102417,0.28132473127770313,2.6871793270111084,2.9753198623657227,lstm,6,50
0.5,0.5362309646420208,2.5325088500976562,0.2791401989799999,2.7532951831817627,3.0486271381378174,lstm,6,30
0.5,0.5525322094392758,2.919386625289917,0.2938554512631396,3.2920637130737305,3.4223861694335938,lstm,6,20
0.5,0.5108881833903831,4.2646307945251465,0.2637905496912141,4.780457496643066,4.979887962341309,lstm,12,100
0.5,0.5233333976924498,3.365363836288452,0.27240179948089777,3.825819253921509,3.899505615234375,lstm,12,70
0.5,0.538536859845152,2.958379030227661,0.28152608337079954,3.3962478637695312,3.3822765350341797,lstm,12,50
0.5,0.5435072224719969,3.0112757682800293,0.2831148341327655,3.447265148162842,3.4405040740966797,lstm,12,30
0.5,0.5727749904150887,3.440619468688965,0.3055007736885221,4.116804599761963,3.7587082386016846,lstm,12,20
0.5,0.5120907794532601,5.268396854400635,0.2645352766108857,6.166234970092773,5.886749267578125,lstm,24,100
0.5,0.5236340467081692,3.903604507446289,0.27076340025762036,4.677273750305176,4.256472587585449,lstm,24,70
0.5,0.5285878598479102,3.337857961654663,0.2745808152828997,4.0120320320129395,3.6160781383514404,lstm,24,50
0.5,0.543703058069392,3.3716320991516113,0.28531867416542317,4.072297096252441,3.6389920711517334,lstm,24,30
0.5,0.5822081980642616,3.863489866256714,0.31545804842931574,4.8286638259887695,3.982840061187744,lstm,24,20
0.5,0.5149372912351158,6.440008640289307,0.26527172878700533,8.02168083190918,6.713897705078125,lstm,48,100
0.5,0.5360103048139699,4.63792610168457,0.27937740829515456,5.916762351989746,4.695888519287109,lstm,48,70
0.5,0.5224590331237985,3.8738625049591064,0.27312997691346547,4.958192825317383,3.8900697231292725,lstm,48,50
0.5,0.5392926197562261,3.9180197715759277,0.2866646991165332,5.069507598876953,3.9163408279418945,lstm,48,30
0.5,0.5706070076044893,4.470030784606934,0.31218952472631284,5.971591949462891,4.2649455070495605,lstm,48,20
0.5,0.5150972696104527,6.967625617980957,0.2664384676278241,8.932001113891602,7.014955997467041,lstm,72,100
0.5,0.5430714193115965,4.968035697937012,0.28313414186771996,6.504435062408447,4.843979358673096,lstm,72,70
0.5,0.519587697111287,4.149740219116211,0.2715467426472008,5.525779724121094,3.970810890197754,lstm,72,50
0.5,0.5377176602335133,4.210078239440918,0.2879969328283901,5.647799491882324,3.9960787296295166,lstm,72,30
0.5,0.5700994899999724,4.776608467102051,0.31580007116279457,6.684693336486816,4.341466903686523,lstm,72,20
0.6,0.6136411905701022,3.735644817352295,0.38350678115234077,4.377055644989014,4.8503217697143555,lstm,6,100
0.6,0.6264118781185439,3.12959885597229,0.39202149226725214,3.6606850624084473,4.107170581817627,lstm,6,70
0.6,0.640685810745582,2.8620080947875977,0.4012036993620173,3.376889944076538,3.7321205139160156,lstm,6,50
0.6,0.6391604996841806,2.9350218772888184,0.398172384974169,3.4545516967773438,3.8221054077148438,lstm,6,30
0.6,0.6566974395185202,3.3866007328033447,0.4159768748500203,4.119932174682617,4.291082382202148,lstm,6,20
0.6,0.6112359984443482,4.948528289794922,0.37827714322753614,6.007071495056152,6.250000953674316,lstm,12,100
0.6,0.6255899202590547,3.9041781425476074,0.3885543747190035,4.800830364227295,4.88532829284668,lstm,12,70
0.6,0.6421118248843605,3.4418163299560547,0.4015926123089569,4.274412155151367,4.248464107513428,lstm,12,50
0.6,0.648257201095576,3.5076215267181396,0.4025800650394843,4.3364152908325195,4.314211368560791,lstm,12,30
0.6,0.676140328617649,3.9998395442962646,0.43074453384232203,5.174622535705566,4.713596343994141,lstm,12,20
0.6,0.6128964636504307,6.117638111114502,0.37950456352106887,7.749785423278809,7.387609481811523,lstm,24,100
0.6,0.6258436790613131,4.533203125,0.38724696523780233,5.890132904052734,5.341439723968506,lstm,24,70
0.6,0.6320745609558984,3.8917508125305176,0.39333993473985585,5.0662407875061035,4.531064510345459,lstm,24,50
0.6,0.6484916521628801,3.935084104537964,0.40594236916940885,5.14277458190918,4.565900802612305,lstm,24,30
0.6,0.68573903113786,4.511288642883301,0.44270429652267695,6.094407081604004,4.9961137771606445,lstm,24,20
0.6,0.6156298872704103,7.480686664581299,0.37837919839800965,10.030632019042969,8.434470176696777,lstm,48,100
0.6,0.6356685579052762,5.384037017822266,0.3969504811763375,7.423330307006836,5.88653564453125,lstm,48,70
0.6,0.6218718021563981,4.516149520874023,0.3874703833137038,6.258589744567871,4.870691299438477,lstm,48,50
0.6,0.6415381093314283,4.592695713043213,0.4071753059586428,6.416017532348633,4.914736747741699,lstm,48,30
0.6,0.6714926809893283,5.242962837219238,0.438528309276815,7.564345836639404,5.368067741394043,lstm,48,20
0.6,0.6118621207064424,8.070327758789062,0.37837644015015903,11.155376434326172,8.806833267211914,lstm,72,100
0.6,0.6435212895360352,5.773710250854492,0.40250283409966653,8.20658016204834,6.069507598876953,lstm,72,70
0.6,0.6177096061497894,4.845799922943115,0.3848334983684964,6.976289749145508,4.973752975463867,lstm,72,50
0.6,0.6383219923375875,4.9445319175720215,0.4091612444111003,7.162623405456543,5.023261070251465,lstm,72,30
0.6,0.6677331891689123,5.618927478790283,0.44077903952293346,8.458402633666992,5.459782600402832,lstm,72,20
0.7,0.7122264852475114,4.350680828094482,0.5159081944785394,5.469165802001953,6.018479347229004,lstm,6,100
0.7,0.7275816510319985,3.6380958557128906,0.5258792604585862,4.541954517364502,5.0893096923828125,lstm,6,70
0.7,0.7419438475902568,3.3249545097351074,0.5378031659168829,4.190316200256348,4.626503944396973,lstm,6,50
0.7,0.739687600848437,3.4023003578186035,0.5347111700763207,4.282623767852783,4.735393047332764,lstm,6,30
0.7,0.7568521772229408,3.9256479740142822,0.5546726097713688,5.102962493896484,5.309908866882324,lstm,6,20
0.7,0.7113879779009182,5.745630264282227,0.5109323153559933,7.467077255249023,7.767684459686279,lstm,12,100
0.7,0.7264342199261341,4.532331466674805,0.5237305853829414,5.971784591674805,6.053070545196533,lstm,12,70
0.7,0.7426830580142271,4.003767490386963,0.5382196613423289,5.322470664978027,5.275813102722168,lstm,12,50
0.7,0.7480009598702521,4.077163219451904,0.5421611975208869,5.4244914054870605,5.353451251983643,lstm,12,30
0.7,0.7750566130371342,4.658812522888184,0.5718702851200803,6.45648193359375,5.828908920288086,lstm,12,20
0.7,0.7129243219537221,7.097562313079834,0.5105351276655018,9.632896423339844,9.167915344238281,lstm,24,100
0.7,0.7262190765937846,5.267671585083008,0.5235595740162019,7.344161510467529,6.610982418060303,lstm,24,70
0.7,0.7343614242488602,4.546626091003418,0.5297187414666708,6.344142436981201,5.6160125732421875,lstm,24,50
0.7,0.7490877095234023,4.592483043670654,0.5449332366107754,6.435909271240234,5.67269229888916,lstm,24,30
0.7,0.7832954993669822,5.267725944519043,0.5844865107888865,7.633541107177734,6.208406448364258,lstm,24,20
0.7,0.7136718071212443,8.677541732788086,0.5099007306598556,12.44532585144043,10.479352951049805,lstm,48,100
0.7,0.7341545556600625,6.249812602996826,0.5326480006840455,9.240463256835938,7.292842388153076,lstm,48,70
0.7,0.7211521752921674,5.283914089202881,0.519882829631305,7.836953163146973,6.036196708679199,lstm,48,50
0.7,0.7389152914502591,5.383599758148193,0.5452862923356567,8.0714750289917,6.110047340393066,lstm,48,30
0.7,0.7662302199151011,6.169983863830566,0.5781756397066328,9.491124153137207,6.682028770446777,lstm,48,20
0.7,0.7076698597982618,9.34795093536377,0.5085988376743558,13.801092147827148,10.926591873168945,lstm,72,100
0.7,0.7412349778926435,6.727700710296631,0.5380679577105439,10.210870742797852,7.5179853439331055,lstm,72,70
0.7,0.7150564475422633,5.673259735107422,0.5176376158808879,8.742499351501465,6.169295787811279,lstm,72,50
0.7,0.7347530954436504,5.815251350402832,0.5469136585675316,9.04075813293457,6.246283531188965,lstm,72,30
0.7,0.7578865201669291,6.629955291748047,0.5777977597510957,10.594329833984375,6.806485176086426,lstm,72,20
0.8,0.8116033970580528,5.149667263031006,0.6637447627768936,6.903019905090332,7.541953086853027,lstm,6,100
0.8,0.8257201095576047,4.288656234741211,0.6765375163081404,5.706557273864746,6.3535661697387695,lstm,6,70
0.8,0.8384163244140792,3.9178922176361084,0.6899922493235398,5.253475666046143,5.784293174743652,lstm,6,50
0.8,0.8358097801952288,3.99368953704834,0.6878104752736871,5.354275226593018,5.923094749450684,lstm,6,30
0.8,0.8508394727333408,4.6119537353515625,0.7066824070677343,6.372032642364502,6.634590148925781,lstm,6,20
0.8,0.8112365500939184,6.770660877227783,0.6596846219407584,9.362481117248535,9.710954666137695,lstm,12,100
0.8,0.8236624566610307,5.33182954788208,0.6748494686235516,7.493775367736816,7.548062324523926,lstm,12,70
0.8,0.8400602401330579,4.726931571960449,0.6906956025254517,6.716801166534424,6.598971366882324,lstm,12,50
0.8,0.844423788232763,4.809426784515381,0.6967251323269407,6.84758996963501,6.702389717102051,lstm,12,30
0.8,0.8654995600594678,5.498362064361572,0.7244703474564818,8.13973617553711,7.295910835266113,lstm,12,20
0.8,0.8110489892400752,8.352415084838867,0.6601976560409766,12.08803939819336,11.47818660736084,lstm,24,100
0.8,0.8237617535836536,6.206941604614258,0.6750342712295442,9.234614372253418,8.25885009765625,lstm,24,70
0.8,0.8330046421311326,5.376668930053711,0.6811493067144028,8.02593994140625,7.010839939117432,lstm,24,50
0.8,0.8450830094690649,5.449558258056641,0.6996847322706724,8.171375274658203,7.09890079498291,lstm,24,30
0.8,0.8716752769970404,6.2638840675354,0.7346234577946705,9.678567886352539,7.775033950805664,lstm,24,20
0.8,0.8107428237286546,10.19593334197998,0.6593012254895201,15.539794921875,13.129817962646484,lstm,48,100
0.8,0.8300615916745047,7.369065761566162,0.6811658562015066,11.571573257446289,9.105159759521484,lstm,48,70
0.8,0.8181873346775195,6.275417327880859,0.6693991708706961,9.948883056640625,7.5351409912109375,lstm,48,50
0.8,0.8336059401625712,6.432821273803711,0.6961459002783073,10.272642135620117,7.6488847732543945,lstm,48,30
0.8,0.8519344971300431,7.394397735595703,0.7246055016011629,12.057302474975586,8.406481742858887,lstm,48,20
0.8,0.8036210277783141,10.971851348876953,0.6556906790530383,17.184398651123047,13.715021133422852,lstm,72,100
0.8,0.8355146476752108,7.95478630065918,0.6879594206576215,12.830541610717773,9.415019035339355,lstm,72,70
0.8,0.8110020990266144,6.753091812133789,0.6651266449500619,11.065460205078125,7.714300632476807,lstm,72,50
0.8,0.8289527760385492,6.977176189422607,0.6977815412537339,11.53175163269043,7.839302062988281,lstm,72,30
0.8,0.8423854430711435,8.00621223449707,0.7205205365343719,13.477189064025879,8.581293106079102,lstm,72,20
0.9,0.9077421258919484,6.410073757171631,0.8277308722407178,9.22650146484375,9.940793991088867,lstm,6,100
0.9,0.9191171400279686,5.2960734367370605,0.8396575359468651,7.544254779815674,8.326787948608398,lstm,6,70
0.9,0.9274525650325887,4.829740524291992,0.850596746922485,6.9296674728393555,7.566009044647217,lstm,6,50
0.9,0.9276925325955939,4.921447277069092,0.8495486127392435,7.015047550201416,7.753927230834961,lstm,6,30
0.9,0.9350542961089398,5.656413555145264,0.8640238974593779,8.342367172241211,8.688318252563477,lstm,6,20
0.9,0.9081089728560829,8.371484756469727,0.8250801960562573,12.401556015014648,12.74505615234375,lstm,12,100
0.9,0.9171808500368226,6.573512077331543,0.8378398506132964,9.889862060546875,9.861849784851074,lstm,12,70
0.9,0.9300535927557378,5.840638160705566,0.8527233560153248,8.923545837402344,8.631929397583008,lstm,12,50
0.9,0.9333717649200521,5.954864025115967,0.8572386077468149,9.117704391479492,8.770816802978516,lstm,12,30
0.9,0.9445206027323203,6.815783500671387,0.8750486141183674,10.787820816040039,9.578428268432617,lstm,12,20
0.9,0.9082082697787057,10.310762405395508,0.8254304935332879,15.924592971801758,15.042694091796875,lstm,24,100
0.9,0.917729741359099,7.677308559417725,0.8367255184816397,12.208587646484375,10.796392440795898,lstm,24,70
0.9,0.9257369348694935,6.687029838562012,0.8462800890362406,10.759855270385742,9.175045013427734,lstm,24,50
0.9,0.9332945339802344,6.7912983894348145,0.8601816582034428,11.036230087280273,9.288002014160156,lstm,24,30
0.9,0.9451605162336677,7.827717304229736,0.8826062132291084,12.964738845825195,10.211709976196289,lstm,24,20
0.9,0.9061699246170862,12.550732612609863,0.8230418508946377,20.33783721923828,17.288578033447266,lstm,48,100
0.9,0.9200383948100809,9.111443519592285,0.841966189397847,15.265233039855957,11.929584503173828,lstm,48,70
0.9,0.9124890704428918,7.832450866699219,0.8319482332043393,13.31106185913086,9.8548583984375,lstm,48,50
0.9,0.9232021050947596,8.131843566894531,0.853887336608293,13.913215637207031,10.048944473266602,lstm,48,30
0.9,0.9298880978846997,9.423830032348633,0.8697169210230893,16.264785766601562,11.127179145812988,lstm,48,20
0.9,0.9002424499860708,13.48818588256836,0.817412267031491,22.381813049316406,18.01979637145996,lstm,72,100
0.9,0.9219029703571103,9.836181640625,0.8447630527183911,16.887603759765625,12.358481407165527,lstm,72,70
0.9,0.9055327693635895,8.464643478393555,0.8265062101950357,14.769622802734375,10.10362434387207,lstm,72,50
0.9,0.9187916667815936,8.932048797607422,0.8539259520782019,15.68923568725586,10.331991195678711,lstm,72,30
0.9,0.9199528891267111,10.338580131530762,0.8631026426772657,18.336978912353516,11.398520469665527,lstm,72,20
0.95,0.9555204951606542,7.629336357116699,0.9135951278309966,11.479499816894531,12.158350944519043,lstm,6,100
0.95,0.9622533781640551,6.240694522857666,0.9233620834700964,9.302421569824219,10.151519775390625,lstm,6,70
0.95,0.9678581377965462,5.669585227966309,0.9311955073659008,8.518258094787598,9.179841995239258,lstm,6,50
0.95,0.9687628430915545,5.771988868713379,0.9312479140750629,8.602640151977539,9.417478561401367,lstm,6,30
0.95,0.9718879379063244,6.621358394622803,0.9385517543835454,10.150096893310547,10.569401741027832,lstm,6,20
0.95,0.9558018364414189,9.890637397766113,0.9124366637337298,15.296552658081055,15.515420913696289,lstm,12,100
0.95,0.9606480779149853,7.717051029205322,0.9209320671136867,12.142475128173828,11.996631622314453,lstm,12,70
0.95,0.9691655472777473,6.869622230529785,0.9324643013771932,10.996235847473145,10.466636657714844,lstm,12,50
0.95,0.9720672240166157,7.032429218292236,0.9361631117448952,11.312215805053711,10.636452674865723,lstm,12,30
0.95,0.9765631680131514,8.058804512023926,0.9454859894800427,13.326221466064453,11.696901321411133,lstm,12,20
0.95,0.9552143296492336,12.137030601501465,0.9118243327108887,19.550201416015625,18.335819244384766,lstm,24,100
0.95,0.9607694408204133,9.036553382873535,0.9206755500635776,14.996933937072754,13.165119171142578,lstm,24,70
0.95,0.9666831242121755,7.898506164550781,0.9276952908434446,13.305943489074707,11.133909225463867,lstm,24,50
0.95,0.9718989708977269,8.106742858886719,0.9366678711015615,13.808334350585938,11.256952285766602,lstm,24,30
0.95,0.9755839900261758,9.361623764038086,0.9474084882319356,16.16657257080078,12.449725151062012,lstm,24,20
0.95,0.952737423079363,14.729212760925293,0.9094439648157904,24.80229949951172,21.10946273803711,lstm,48,100
0.95,0.9609652764178084,10.712677955627441,0.9217760909559811,18.612648010253906,14.553986549377441,lstm,48,70
0.95,0.9574071366904887,9.301787376403809,0.9174015098648735,16.44689178466797,11.98487663269043,lstm,48,50
0.95,0.9640655470019225,9.805008888244629,0.9306245500608193,17.495826721191406,12.284215927124023,lstm,48,30
0.95,0.9646337460591534,11.456804275512695,0.9379670058392107,20.533039093017578,13.772911071777344,lstm,48,20
0.95,0.949689559204411,15.848357200622559,0.9048956141100927,27.170738220214844,22.035816192626953,lstm,72,100
0.95,0.9626229833760402,11.589884757995605,0.9230117859930658,20.510108947753906,15.121639251708984,lstm,72,70
0.95,0.951270035222825,10.08887004852295,0.9115319584387214,18.22051429748535,12.330145835876465,lstm,72,50
0.95,0.9609045949650944,10.913698196411133,0.9278249284924245,19.810749053955078,12.655031204223633,lstm,72,30
0.95,0.957616763527137,12.834127426147461,0.930839693393169,23.379650115966797,14.18936824798584,lstm,72,20
