horizon_h,level_hpa,component,crps,point_mae
6,100,u,1.5657369275504018,2.148658275604248
6,100,v,1.6679413818852176,2.3157286643981934
6,70,u,1.2744694246213624,1.7332249879837036
6,70,v,1.3740124705810526,1.895932674407959
6,50,u,1.1162657085724903,1.5535221099853516
6,50,v,1.214374305978644,1.6945421695709229
6,30,u,1.1354456945764952,1.5931200981140137
6,30,v,1.2713933792170402,1.7496886253356934
6,20,u,1.2733124277701713,1.7994115352630615
6,20,v,1.43647853399794,1.9705458879470825
12,100,u,2.094104593514885,2.9186716079711914
12,100,v,2.1666075784376626,2.994450807571411
12,70,u,1.6609218318769512,2.3039965629577637
12,70,v,1.6155340318658906,2.255585193634033
12,50,u,1.4250310758985651,1.9536967277526855
12,50,v,1.4109052550413672,1.9542876482009888
12,30,u,1.4209474870418222,1.9902902841567993
12,30,v,1.4290862818053276,1.978967547416687
12,20,u,1.5779506793460096,2.206631660461426
12,20,v,1.5509011086344047,2.1089656352996826
24,100,u,2.7152774497341663,3.7667999267578125
24,100,v,2.6123665834257275,3.5120112895965576
24,70,u,2.0265167575902416,2.7931435108184814
24,70,v,1.791514108155841,2.4938254356384277
24,50,u,1.7519715461847696,2.3781487941741943
24,50,v,1.5573109294034897,2.0984585285186768
24,30,u,1.7211692640559886,2.4010112285614014
24,30,v,1.4841174146854075,2.038738250732422
24,20,u,1.9055785895066863,2.620629072189331
24,20,v,1.6538647690005892,2.2093636989593506
48,100,u,3.5348568047977036,4.799869060516357
48,100,v,3.0421140134565112,4.0077314376831055
48,70,u,2.4520746433949876,3.3904531002044678
48,70,v,2.1246722914711857,2.748208522796631
48,50,u,2.2022100726938705,3.0403645038604736
48,50,v,1.6394072086877303,2.2698280811309814
48,30,u,2.249168004609456,3.0625641345977783
48,30,v,1.7065527419898492,2.2570297718048096
48,20,u,2.7799913596754733,3.466933250427246
48,20,v,1.8128047231179567,2.455770254135132
72,100,u,3.899046978362129,5.358396053314209
72,100,v,3.438287655359919,4.217803478240967
72,70,u,2.730988677739871,3.7302165031433105
72,70,v,2.0516656357683827,2.8322436809539795
72,50,u,2.560141834325449,3.4144339561462402
72,50,v,1.723296968381085,2.3539769649505615
72,30,u,2.6147855146181156,3.5221140384674072
72,30,v,1.7049816532967386,2.337616443634033
72,20,u,3.0148587438215535,3.9816031455993652
72,20,v,1.8461379392063617,2.5206692218780518
