horizon_h,method,group,coverage,mean_radius_ms
6,marginal,all,0.9234117319314079,5.422752380371094
6,marginal,weak now,0.9444780950867856,5.333561897277832
6,marginal,moderate now,0.9301146716491766,5.371670246124268
6,marginal,strong now,0.8956425320645428,5.563016891479492
6,regime,all,0.9214252418293803,5.383965610212058
6,regime,weak now,0.9145715004435265,4.852922451069767
6,regime,moderate now,0.9240376865751919,5.27510413875866
6,regime,strong now,0.9256665287546545,6.0238679426352455
6,adaptive,all,0.9031496432206405,
6,adaptive,weak now,0.9319633660351379,
6,adaptive,moderate now,0.9127062277512342,
6,adaptive,strong now,0.8647794786925941,
12,marginal,all,0.9266471566602031,6.711243629455566
12,marginal,weak now,0.9475645761343024,6.579204559326172
12,marginal,moderate now,0.9330174580924688,6.644118309020996
12,marginal,strong now,0.8993595366156393,6.9104461669921875
12,regime,all,0.924293267944471,6.662472722263709
12,regime,weak now,0.9188776793634402,6.000667146327141
12,regime,moderate now,0.926584658260612,6.520016362462981
12,regime,strong now,0.9274174596607364,7.466731760226517
12,adaptive,all,0.9031838454939884,
12,adaptive,weak now,0.9348231189842581,
12,adaptive,moderate now,0.9139871608795741,
12,adaptive,strong now,0.8607414149772445,
24,marginal,all,0.9260259992442401,7.8588433265686035
24,marginal,weak now,0.9472650302524791,7.675173759460449
24,marginal,moderate now,0.9325242822885343,7.773505687713623
24,marginal,strong now,0.8982887877534134,8.127788543701172
24,regime,all,0.9234304880167922,7.797393529616314
24,regime,weak now,0.9189753213912168,6.998395003989444
24,regime,moderate now,0.9263794441676997,7.6277037849920175
24,regime,strong now,0.9249366983864294,8.766078312790453
24,adaptive,all,0.9021550190457014,
24,adaptive,weak now,0.9346245250294581,
24,adaptive,moderate now,0.9142949820189425,
24,adaptive,strong now,0.8575457178320232,
48,marginal,all,0.9183575185699037,9.410040855407715
48,marginal,weak now,0.9360179926123049,9.165750503540039
48,marginal,moderate now,0.923590849437399,9.290539741516113
48,marginal,strong now,0.8954637980968142,9.77388858795166
48,regime,all,0.9155076968906272,9.351847214737825
48,regime,weak now,0.9085507937138394,8.414398440789707
48,regime,moderate now,0.9199731235736379,9.178480735069012
48,regime,strong now,0.9179991725279272,10.462658504768495
48,adaptive,all,0.8995815738010586,
48,adaptive,weak now,0.9283357164607909,
48,adaptive,moderate now,0.911405435194548,
48,adaptive,strong now,0.8590037236243276,
72,marginal,all,0.913284549123015,10.211944580078125
72,marginal,weak now,0.9261644225549774,9.945470809936523
72,marginal,moderate now,0.9167972699905833,10.073965072631836
72,marginal,strong now,0.8968920148944973,10.616347312927246
72,regime,all,0.9103812174354363,10.164802179942646
72,regime,weak now,0.9006715785571487,9.205827716794065
72,regime,moderate now,0.9142949820189425,9.988296563401997
72,regime,strong now,0.9161770790235829,11.300278209212722
72,adaptive,all,0.8982587181318938,
72,adaptive,weak now,0.9219194767711271,
72,adaptive,moderate now,0.9083007445630678,
72,adaptive,strong now,0.8645560612329334,
