lead_h,nominal,n_scored,coverage,median_radius_km
6,0.5,600,0.5766666666666667,20.620529828990886
6,0.8,600,0.8766666666666667,31.918014871566477
6,0.95,600,0.9733333333333334,43.57525786034121
12,0.5,600,0.61,58.80001691081075
12,0.8,600,0.89,93.63134757353811
12,0.95,600,0.9766666666666667,130.38499185206092
24,0.5,600,0.6466666666666666,135.54567637473932
24,0.8,600,0.9016666666666666,220.18914250061607
24,0.95,600,0.9783333333333334,324.98543273692576
48,0.5,510,0.615686274509804,329.58295237183233
48,0.8,510,0.8803921568627451,532.2584800350377
48,0.95,510,0.9705882352941176,819.6402977227016
72,0.5,391,0.6035805626598465,551.2846597002541
72,0.8,391,0.8439897698209718,931.5245568027224
72,0.95,391,0.969309462915601,1443.7537225496146
