source,lead_h,n_scored,median_km,mean_km,p90_km
perfect,6,600,0.0,0.0,0.0
perfect,12,600,0.0,0.0,0.0
perfect,24,600,0.0,0.0,0.0
perfect,48,510,0.0,0.0,0.0
perfect,72,391,0.0,0.0,0.0
persistence,6,600,27.148788400493615,30.259189451410155,52.7496803853816
persistence,12,600,86.18143281682065,91.31221224122308,156.37894653994616
persistence,24,600,180.32822156617726,198.71522520349725,345.3738999559005
persistence,48,499,421.5889158507495,463.0094488996989,817.8771607734444
persistence,72,369,731.6685376461646,843.5110984058324,1591.0151764420373
ridge,6,600,18.523444779349585,20.470913293883555,35.610809465837264
ridge,12,600,52.31890437913506,57.10757354962804,104.24569268620603
ridge,24,600,109.69818584388409,125.05995240282486,230.5762200726119
ridge,48,501,278.4125256422552,326.9896770117232,619.3772585444301
ridge,72,378,493.6121133403053,615.2773295346854,1175.2155576843868
gradient_boosting,6,600,17.84953888198058,19.634943400834853,34.8076915481236
gradient_boosting,12,600,49.702806742180414,55.012737605009264,97.12195758049918
gradient_boosting,24,600,104.73885363792002,119.48810637412763,217.64192276632372
gradient_boosting,48,504,259.4413852598628,307.1290691010245,560.9739268949952
gradient_boosting,72,376,458.22665665963575,578.2366238277835,1151.4228956369288
lstm,6,600,18.15558349965299,19.439415826782945,34.21766034431943
lstm,12,600,48.67381509702432,54.37835384328435,95.08261454418025
lstm,24,600,105.053669645573,119.61692834762832,214.0399456039743
lstm,48,502,266.7489677164824,308.59165274126076,570.7043727052552
lstm,72,381,464.3707350450499,567.3530845886296,1060.2500062401527
