timesteps,mean_reward
3072,-0.3080461323261261
6144,-0.36334195733070374
9216,-0.3966712951660156
12288,-0.41570937633514404
15360,-0.4011050760746002
18432,-0.40742027759552
21504,-0.40502703189849854
24576,-0.37909379601478577
27648,-0.38706719875335693
30720,-0.33851566910743713
33792,-0.3501396179199219
36864,-0.3221571743488312
39936,-0.3114829957485199
43008,-0.2936994135379791
46080,-0.302857905626297
49152,-0.28622743487358093
52224,-0.279142290353775
55296,-0.27280721068382263
58368,-0.2467302829027176
61440,-0.24481327831745148
64512,-0.235991433262825
67584,-0.2531590163707733
70656,-0.24125008285045624
73728,-0.24330107867717743
76800,-0.2311234027147293
79872,-0.21828393638134003
82944,-0.2420155555009842
86016,-0.2296741008758545
89088,-0.22660382091999054
92160,-0.23137831687927246
95232,-0.2345711588859558
98304,-0.22448451817035675
101376,-0.2309703826904297
104448,-0.2404852956533432
107520,-0.2209874540567398
110592,-0.2290593832731247
113664,-0.21608762443065643
116736,-0.19712324440479279
119808,-0.2194502353668213
122880,-0.22146755456924438
125952,-0.2116459459066391
129024,-0.21414613723754883
132096,-0.20427577197551727
135168,-0.21777713298797607
138240,-0.21479131281375885
141312,-0.22388015687465668
144384,-0.20313912630081177
147456,-0.22133435308933258
150528,-0.21172384917736053
153600,-0.20810826122760773
156672,-0.20878751575946808
159744,-0.21976232528686523
162816,-0.2271823137998581
165888,-0.21092212200164795
168960,-0.19499434530735016
172032,-0.20427151024341583
175104,-0.20181839168071747
178176,-0.19259019196033478
181248,-0.20270508527755737
184320,-0.20243726670742035
187392,-0.20810671150684357
190464,-0.19910450279712677
193536,-0.1953040510416031
196608,-0.18982942402362823
199680,-0.19461487233638763
202752,-0.2003742903470993
205824,-0.21500928699970245
208896,-0.20597563683986664
211968,-0.20116953551769257
215040,-0.21121728420257568
218112,-0.20333357155323029
221184,-0.20394156873226166
224256,-0.20876772701740265
227328,-0.20247626304626465
230400,-0.21893323957920074
233472,-0.1966809779405594
236544,-0.20508305728435516
239616,-0.1984984129667282
242688,-0.2148805856704712
245760,-0.20015616714954376
248832,-0.2048068791627884
251904,-0.19972848892211914
254976,-0.20031797885894775
258048,-0.1952800303697586
261120,-0.2043868750333786
264192,-0.17988455295562744
267264,-0.18607215583324432
270336,-0.2056867629289627
273408,-0.1995612382888794
276480,-0.2020472288131714
279552,-0.18661397695541382
282624,-0.21328771114349365
285696,-0.19600804150104523
288768,-0.20062412321567535
291840,-0.20285625755786896
294912,-0.19254285097122192
297984,-0.19001977145671844
301056,-0.1789999008178711
304128,-0.18780498206615448
307200,-0.19587691128253937
310272,-0.1805766075849533
313344,-0.19183336198329926
316416,-0.1791100949048996
319488,-0.16047139465808868
322560,-0.16475313901901245
325632,-0.18795037269592285
328704,-0.19114214181900024
331776,-0.17739355564117432
334848,-0.1728011816740036
337920,-0.15344169735908508
340992,-0.1871405392885208
344064,-0.1862127035856247
347136,-0.19468076527118683
350208,-0.17027051746845245
353280,-0.17202197015285492
356352,-0.18990014493465424
359424,-0.18701545894145966
362496,-0.20487119257450104
365568,-0.17580348253250122
368640,-0.18287384510040283
371712,-0.1846224069595337
374784,-0.182381272315979
377856,-0.1814294457435608
380928,-0.18520820140838623
384000,-0.1688470095396042
387072,-0.1793971210718155
390144,-0.1677556037902832
393216,-0.15028809010982513
396288,-0.1700327843427658
399360,-0.16971160471439362
402432,-0.1893707513809204
405504,-0.16628211736679077
408576,-0.16343583166599274
411648,-0.16543130576610565
414720,-0.17555634677410126
417792,-0.1996348649263382
420864,-0.18682961165905
423936,-0.17575551569461823
427008,-0.17757785320281982
430080,-0.166066512465477
433152,-0.18469859659671783
436224,-0.16511709988117218
439296,-0.19237415492534637
442368,-0.16894041001796722
445440,-0.18053920567035675
448512,-0.16873185336589813
451584,-0.16107504069805145
454656,-0.17877620458602905
457728,-0.18216747045516968
460800,-0.1652195155620575
463872,-0.155496284365654
466944,-0.1916070431470871
470016,-0.1833065152168274
473088,-0.17297117412090302
476160,-0.16711203753948212
479232,-0.1852578967809677
482304,-0.1885414570569992
485376,-0.18279117345809937
488448,-0.1656569242477417
491520,-0.19831107556819916
494592,-0.184922456741333
497664,-0.18755631148815155
500736,-0.194532573223114
